Country Name,comp_qual_log,ship_freq,track_trace_log,infra_qual,log_perf_ind,customs_eff,comp_priced_ship,rule_of_law,political_stability,corr_control,voice_account,govt_eff,reg_qual,legal_rights_ind,food_imp,credit_bureau_covg,fem_sec_educ,fem_prim_educ,prim_compl_fem,enroll_sec_fem_gross,fem_prim_teachers,pupil_teach_ratio_prim,emp_to_pop_ratio_15_plus,external_bal_goods,consump_exp,account_balance,export_good_services,external_health_exp,out_of_pocket_health_exp,dom_govt_health_exp,crop_prod_ind,food_prod_ind,repeaters_female_prim,export_val_ind,goods_exports,goods_imports,mmr,gdp,women_hiv,skilled_health_staff
Afghanistan,1.92,2.38,1.7,1.81,1.95,1.73,2.1,-1.68858671188354,-2.75326204299927,-1.50288057327271,-1.00705206394196,-1.50134539604187,-1.13820362091064,10,34.0330576607125,0,35.28181,38.95507,69.7666091918945,41.1315994262695,36.0520286560059,48.78979,NA,NA,NA,-21.1567791326351,NA,19.73445702,76.22302246,1.90904689,94.93,96.07,3.80515,153.1663181047,875242667.370635,6620779250.25141,663,18418860354.4238,29,58.8
Albania,2.56,3.2,2.67,2.29,2.66,2.35,2.82,-0.414187848567963,0.366642981767654,-0.545840263366699,0.188694432377815,0.0806501731276512,0.256079822778702,8,14.0435873264872,0,49.70777,47.42217,104.547821044922,96.664680480957,84.9326324462891,17.57287,45.22,-13.6642752987277,90.3942824577642,-6.7049216613506,31.5719544148007,1.05872059,56.48965073,9.80235767,106.2,106.08,0.68867,149.7324460631,1163648667.07628,4544969328.78645,5,15156424061.9815,25.9,99.8
Algeria,2.39,2.76,2.6,2.42,2.45,2.13,2.39,-0.807303428649902,-0.842121779918671,-0.658660113811493,-0.995128452777863,-0.488373935222626,-1.34690141677856,2,NA,0,50.72398,47.82363,103.524276733398,NA,80.535041809082,24.32018,NA,-6.34319012251144,59.272247405598,-9.66528865761593,25.8611508241538,0.02693869,32.62851715,10.73443604,115.36,108.6,3.67491,120.5636321868,41123518094.3812,48284091542.4764,79,174910891124.491,46.5,NA
American Samoa,NA,NA,NA,NA,NA,NA,NA,1.29671347141266,1.16608023643494,1.78090953826904,NA,0.498739510774612,-0.306241989135742,NA,NA,NA,NA,NA,NA,NA,NA,NA,NA,-35.3677621283255,NA,NA,68.2316118935837,NA,NA,NA,NA,NA,NA,99.5548812393,NA,NA,NA,639000000,NA,NA
Andorra,NA,NA,NA,NA,NA,NA,NA,1.53662586212158,1.39100873470306,1.17916560173035,1.04732167720795,1.87926542758942,1.18732905387878,NA,22.1275286080598,NA,49.3913,47.83815,62.3595504760742,96.5914077758789,79.8543701171875,10.49757,NA,NA,NA,NA,NA,NA,12.24691391,14.72336102,NA,NA,0.72499,144.6316802689,NA,NA,NA,3218419896.93327,NA,NA
Angola,2,2.59,2,1.86,2.05,1.57,2.2,-1.00093221664429,-0.347750902175903,-1.19925093650818,-0.903365194797516,-1.00511503219604,-0.8006831407547,1,20.4742098971902,0,NA,NA,NA,NA,NA,NA,NA,15.2945663336239,66.8360130986179,9.51578137262661,40.8362898299819,3.40596294,36.2641983,5.36431932,105.93,105.59,NA,122.8341732852,40757766796.592,15797847354.35,233,77792944471.9494,66.2,NA
Antigua and Barbuda,NA,NA,NA,NA,NA,NA,NA,0.376565635204315,0.822919726371765,0.236239701509476,0.579138517379761,-0.0534708015620708,0.401309967041016,5,27.3848165605152,0,48.95696,49.20478,107.729469299316,118.902061462402,92.1568603515625,12.40564,NA,-6.01884197116006,68.4975258950167,-14.5604850942345,64.5720629235058,0.09705941,23.66021156,13.07453442,87.95,87.56,1.04397,38.9823349139,42970058.4666667,622729546.1,19,1604770370.37037,NA,NA
Argentina,2.78,3.37,3.05,2.77,2.89,2.42,2.92,-0.219662562012672,0.00680991401895881,-0.098668172955513,0.539418399333954,0.0280940532684326,-0.195977628231049,2,6.86536216997546,100,NA,NA,101.081398010254,112.910827636719,NA,NA,44.32,-1.88916445518585,85.275279443618,-5.16055251029552,14.4366857499034,0.30367181,27.83134079,15.30844116,92.17,97.49,NA,108.8000140727,61801002638.2899,62544230316.48,34,524819898586.906,35.8,99.5
Armenia,2.5,2.9,2.51,2.48,2.61,2.57,2.65,-0.19733352959156,-0.451120525598526,-0.408891350030899,-0.130894392728806,-0.170385882258415,0.350590288639069,6,16.2201533718823,80,47.77225,46.70534,98.5882186889648,87.9782333374023,NA,15.41859,56.15,-13.6873189639974,91.2875796372273,-7.22812301766319,39.3928940286073,1.216784,84.27638245,5.13385916,71.74,83.48,0.31262,162.394682365,2724729180.6251,4488140884.45777,25,12457940705.3088,31.8,NA
Aruba,NA,NA,NA,NA,NA,NA,NA,1.2594119310379,1.33727550506592,1.2074294090271,1.28269290924072,1.01347315311432,0.846328258514404,NA,27.7702538684234,NA,NA,NA,NA,NA,NA,NA,NA,-0.707986663883746,78.3062000117318,-0.449837908204593,72.2526488751745,NA,NA,NA,NA,NA,NA,58.8712784219,184801641.55377,1224388146.57693,NA,3276187709.49721,NA,NA
Australia,3.71,3.98,3.82,3.97,3.75,3.87,3.25,1.67455554008484,0.97081196308136,1.76737761497498,1.3939208984375,1.55606377124786,1.89657723903656,11,6.52594691958162,100,NA,NA,NA,132.354217529297,NA,NA,57.3,0.357260119339967,75.0831825076589,-2.21331098520115,21.8734041196439,0,16.22236633,18.63973045,104.5,97.5,NA,136.9846013094,257957671511.957,237122119992.296,4,1428266513154.48,12.8,98.7
Austria,4.08,4.25,4.09,4.18,4.03,3.71,3.88,1.85344958305359,0.884671747684479,1.56836605072021,1.39915668964386,1.45610499382019,1.5240364074707,4,7.41484880182237,52.2,NA,NA,98.2095718383789,98.9431686401367,NA,NA,53.41,3.00079873006773,71.2730773045237,0.96250031620649,55.4622191178234,0,18.42534637,15.80883408,98.78,100.51,NA,121.0089774989,176297699854.725,174896031205.128,6,454991174096.094,27.2,98.4
Azerbaijan,NA,NA,NA,NA,NA,NA,NA,-0.619775176048279,-0.711426675319672,-0.852769494056702,-1.50821161270142,-0.145044252276421,-0.314388334751129,8,14.4928276416724,41.5,46.08246,46.3142,100.641212463379,94.539436340332,92.9331512451172,15.42982,59.4,16.5120111871348,64.6070768616091,12.8438942107618,54.0922938620586,0.65701377,73.22861481,2.80753398,125.25,113.33,0.1251,122.4471592342,20793769000,10952441000,28,47112479289.4186,41.4,99.39
"Bahamas, The",2.27,2.75,2.52,2.41,2.53,2.68,2.5,0.0695338472723961,0.84756064414978,1.09553563594818,0.774486243724823,0.500147342681885,0.16780361533165,6,19.227624604989,0,51.74453,49.56616,NA,NA,93.0125198364258,19.44891,NA,-4.3149775557944,78.154043118164,-8.81388554037792,35.9289056078902,0.479231,27.34990501,15.69725895,102.52,101.85,2.51641,123.2853025744,641734133.8575,3316814472.20447,77,12653600000,48.5,99
Bahrain,2.86,3.29,3.01,2.72,2.93,2.67,3.02,0.38398140668869,-0.846307814121246,-0.176231503486633,-1.41806530952454,0.119554743170738,0.40541660785675,1,9.24667873826657,28,51.68301,49.38092,100.607452392578,100.528327941895,74.1388320922852,11.92315,NA,7.69898928867474,57.0365441324527,-6.44033153143824,79.2525219237919,0,30.0035767,7.23445148,95.87,138.95,0.35806,109.0879855639,18043617021.2766,19110106382.9787,14,37802005319.1489,16.3,99.6
Bangladesh,2.48,2.92,2.79,2.39,2.58,2.3,2.56,-0.649730861186981,-0.985568642616272,-0.926946818828583,-0.742027103900909,-0.762530446052551,-0.849186778068542,5,NA,0,53.89255,50.7497,NA,72.0846557617188,61.3000450134277,30.05459,NA,-7.16505583541009,73.548818695749,-2.20772638117645,12.6747879443391,5.8310504,70.67902374,3.75035429,108,107.75,3.77704,121.2279059919,38681904956.1401,55966038847.7107,172,321379163135.647,32,52.7
Barbados,NA,NA,NA,NA,NA,NA,NA,0.363926589488983,0.900504648685455,1.37191247940063,1.10209810733795,0.385415732860565,0.531776666641235,6,22.6076454123435,0,49.59379,48.32328,88.6160736083984,108.507553100586,77.3702392578125,13.9917,54.39,-4.414116131511,86.7726949132432,NA,35.5248066264005,1.18787313,46.51942825,9.88513851,114.82,108.19,NA,92.755336827,NA,NA,47,5097283200,39.5,99
Belarus,2.64,3.18,2.54,2.44,2.57,2.35,2.31,-0.892303824424744,0.353457748889923,-0.15480200946331,-1.363152384758,-0.297697931528091,-0.815192759037018,3,10.174099196494,0,49.88064,48.51596,96.189453125,93.8938827514648,99.4829406738281,19.23259,63.86,1.51569653368215,69.2928384565075,0.0381468531992589,70.4545454545455,0.20678577,25.44559479,10.30541611,91.5,99.37,0.0424,126.0419679638,33429800000,35932600000,1,60031163987.191,41.9,NA
Belgium,4.13,4.41,4.05,3.98,4.04,3.66,3.99,1.33861649036407,0.39363044500351,1.42942035198212,1.33021223545074,1.22472155094147,1.25903940200806,8,9.71106903090542,0,NA,NA,NA,165.985092163086,82.5507736206055,NA,46.77,-0.335528163411519,74.9195523624782,-0.873036413661157,83.0796294670067,0,17.81747818,15.94669056,86.86,98.38,NA,117.984952718,327108275999.094,329111221409.029,5,543299066998.892,33.8,NA
Belize,NA,NA,NA,NA,NA,NA,NA,-0.842277705669403,-0.0022222048137337,-0.169436514377594,0.431013256311417,-0.627337217330933,-0.666695117950439,4,20.1837999752106,0,50.89064,47.73658,104.173347473145,88.3679733276367,74.6687469482422,19.78332,NA,2.44060475161987,76.8250539956803,-6.5137969771114,51.0799136069114,2.49864268,23.19898796,12.2098484,95.73,98.65,5.12112,83.8029268954,451249163.10216,917235592.676867,78,2315000000,46.5,94.8
Benin,2.5,3.42,2.75,2.5,2.75,2.56,2.73,-0.691577911376953,-0.1470747590065,-0.391388416290283,0.24830150604248,-0.631400346755981,-0.393426120281219,6,46.9826051378283,0,NA,47.67029,NA,NA,25.8116302490234,39.19712,55.64,-7.2467332525278,80.8602202275765,-4.54919534814552,27.2742306189085,30.1641407,44.44203949,2.96292877,117.21,109.45,14.79478,198.846237438,3344316327.72816,3899915261.40386,542,14262408079.7005,64,78.1
Bermuda,NA,NA,NA,NA,NA,NA,NA,0.816888570785522,1.13303458690643,1.17916560173035,NA,1.32705497741699,0.813936293125153,NA,20.7916852924833,NA,NA,NA,NA,89.8804016113281,NA,NA,NA,25.4030423844416,60.5046348749795,12.3021020474022,51.4791563825902,NA,NA,NA,NA,NA,NA,81.8181818287,16661582.4527967,1100477022.85,NA,7225977000,NA,NA
Bhutan,2.35,2.49,2.35,1.91,2.17,2.14,1.8,0.548555254936218,1.07745289802551,1.59051811695099,0.042394045740366,0.28326153755188,-0.376959830522537,4,NA,35.9,52.37815,49.2808,89.4843292236328,93.1926116943359,40.3424911499023,34.66868,53.17,-22.5515995969164,74.9347152386845,-19.5414546880833,30.8177060148869,6.05179501,13.16380501,7.70324659,88.02,95.2,6.05873,110.2688863303,602753463.424206,1020219249.66273,57,2446867582.27133,44.3,96.2
Bolivia,2.21,2.74,2.13,2.15,2.36,2.32,2.54,-1.21184551715851,-0.286690950393677,-0.688172459602356,-0.0593984983861446,-0.329635828733444,-1.00710666179657,0,7.65283906071634,52.9,47.48791,48.67685,89.5033493041992,NA,63.2818603515625,17.79827,61.49,-5.13237449423726,84.536021934525,-4.28165522078624,25.9887950588635,1.62937176,22.10827065,12.9346056,107.97,109.45,1.82557,102.7382309886,8940200488.77685,9301944791.5431,171,40287647930.5355,35.3,71.5
Bosnia and Herzegovina,2.8,3.21,2.89,2.42,2.81,2.63,2.84,-0.22513185441494,-0.400912255048752,-0.605827152729034,-0.259293049573898,-0.670606136322021,-0.141394659876823,7,15.8118385517668,12.9,51.45439,48.53871,87.6003036499023,86.3890533447266,87.0114669799805,16.92651,24.99,-14.4629640705243,93.0131663728792,-3.23063143984722,41.9845635628313,0.42419314,29.31168938,15.14290047,127.66,115.08,0.08919,140.8879147583,6285525098.67986,10821238645.4887,6,20484048415.5019,14.9,99.9
Botswana,NA,NA,NA,NA,NA,NA,NA,0.383702307939529,0.958273768424988,0.719505965709686,0.462329059839249,0.254732549190521,0.623929619789124,5,12.2000131292421,53.6,NA,NA,NA,NA,NA,NA,NA,1.00118385282909,72.5657014943458,0.392946349031096,44.2281439237392,8.53516006,5.10579252,11.54210281,134.93,95.98,NA,104.1126230376,6594497839.94667,6108331589.04801,162,17031943186.1353,60.2,NA
Brazil,3.09,3.51,3.11,2.93,2.99,2.41,2.88,-0.302387714385986,-0.459640145301819,-0.480606287717819,0.37796550989151,-0.520446002483368,-0.293125450611115,2,5.38447644097633,80.5,NA,NA,NA,106.633720397949,88.4911193847656,NA,46.59,0.393795616050562,84.5111627535768,-2.85841617595429,14.6349994952986,0.08543605,24.82529449,10.31529808,109.71,107.09,NA,124.1495875577,239519568687.195,196146816358.4,59,1916933708404.16,36.1,98.8
British Virgin Islands,NA,NA,NA,NA,NA,NA,NA,NA,NA,NA,NA,NA,NA,NA,NA,NA,NA,NA,74.7619018554688,NA,94.7368392944336,NA,NA,NA,NA,NA,NA,NA,NA,NA,NA,NA,NA,82.6086956471,NA,NA,NA,NA,NA,NA
Brunei Darussalam,2.71,3.17,2.75,2.46,2.71,2.62,2.51,0.598773419857025,1.2358136177063,0.761487543582916,-0.85771518945694,1.21318626403809,0.676745414733887,12,12.1391157382379,0,49.21436,48.56861,102.77953338623,92.425537109375,77.7889175415039,9.89521,51.54,9.96823288344899,43.6828222501503,6.92810028080288,51.93227637834,0,4.85835171,7.14021063,98.64,102.11,0.05216,103.4784621584,6470749447.40846,4106071118.16139,45,13567164444.9707,41.9,NA
Bulgaria,2.88,3.31,3.02,2.76,3.03,2.94,3.23,-0.105625674128532,0.444267064332962,-0.18804033100605,0.365130007266998,0.112081617116928,0.60575270652771,8,9.75666371350693,0,NA,NA,94.2131881713867,93.4950180053711,93.2535781860352,NA,46.93,2.54004703577607,76.245693594183,0.842414686988508,65.6958529144087,NA,40.51738358,11.41795921,108.07,105.8,NA,132.5037692922,32721830000,35922560000,7,66399602077.1693,20.1,NA
Burkina Faso,2.46,3.04,2.4,2.43,2.62,2.41,2.92,-0.458880722522736,-1.06025648117065,-0.131240993738174,-0.0610174685716629,-0.643938779830933,-0.40524896979332,6,12.1553570934943,1.1,49.29677,48.71518,65.4495468139648,39.6370315551758,47.0903091430664,39.72173,36.19,-4.43781333980506,82.6987085208033,-4.18372491709514,28.0789061419219,15.18416309,35.83074951,8.78477097,107.68,112.24,5.63368,149.5004294272,3954237905.00671,3664161917.36852,277,15890066209.8959,60.3,NA
Burundi,2.33,2.17,2.01,1.95,2.06,1.69,2.21,-1.5139068365097,-1.57021856307983,-1.47806668281555,-1.6694837808609,-1.44970750808716,-1.00991177558899,2,16.7479405418771,0,53.25895,50.11885,61.619930267334,50.5418701171875,50.4025382995605,42.52383,NA,-15.2283938361636,104.124953712126,-13.5965474732551,5.6856543143069,42.4523468,26.72955132,8.31280804,121.26,124.44,24.33103,149.4359272927,180189335.845191,676112757.365816,518,2667182198.97925,60.2,NA
Cabo Verde,NA,NA,NA,NA,NA,NA,NA,0.393016159534454,0.833078503608704,0.755641520023346,0.975099623203278,0.340959072113037,-0.0363074876368046,1,30.1994885008568,0,52.52862,47.80358,84.1860504150391,88.0045471191406,71.1140289306641,21.07361,43.09,-14.1355371232885,86.6493779387795,-4.40170435637726,45.865993464408,9.54118061,26.14455986,10.39242458,72.04,77.86,5.51184,113.0998999998,273630686.320436,956957921.512813,48,2205099509.15921,46.6,97.3
Cambodia,2.41,3.16,2.52,2.14,2.58,2.37,2.79,-1.13457536697388,0.11081126332283,-1.35679519176483,-1.232750415802,-0.600180506706238,-0.536904513835907,10,7.41186393155405,50.4,51.7974,48.1383,88.5619888305664,54.3048439025879,56.4096450805664,41.7035,NA,-1.70715780896898,75.6072132011214,-11.7841263423208,61.5957275117758,6.49763823,60.96880341,7.16890669,114.74,111.42,4.97518,148.6728489823,12962698484.4803,18806463875.6889,209,24571753581.7841,53.3,NA
Cameroon,2.6,2.57,2.47,2.57,2.6,2.46,2.87,-1.10289537906647,-1.40175902843475,-1.16267454624176,-1.12902331352234,-0.857515573501587,-0.812619864940643,6,20.0391865522141,0,NA,47.0142,60.9040107727051,42.9401702880859,52.8941688537598,44.83412,NA,-3.11509593899185,83.5770663038862,-3.52564129722321,18.7362534690181,14.29008865,72.26169586,1.95703375,100.5,99.71,11.92181,93.7106043345,5184326571.14549,5717353463.30845,424,39973842058.565,66.7,69
Canada,3.9,3.96,3.81,3.75,3.73,3.6,3.38,1.71509540081024,0.963774383068085,1.78985774517059,1.50185120105743,1.67517793178558,1.69941985607147,9,7.93445182112811,100,NA,NA,NA,111.47477722168,74.949821472168,NA,58.03,-1.94907839790452,78.5683678106627,-2.38511481724633,32.3254037264858,0,15.20395756,18.63416862,107.06,109.32,NA,110.303396958,452322709541.459,469161032559.01,11,1725297938435.76,25.5,98
Cayman Islands,NA,NA,NA,NA,NA,NA,NA,0.739916861057281,1.11062347888947,0.456312149763107,0.472064346075058,1.15808200836182,0.966315627098084,NA,NA,NA,49.68354,48.38334,126.523300170898,102.675392150879,89.7435913085938,15.74725,NA,26.0585759506255,NA,-16.7723985848604,71.587849045473,NA,NA,NA,NA,NA,0,63.787088214,309415669.515355,1128100444.62916,NA,5530178498.90783,NA,NA
Central African Republic,1.93,2.33,2.1,1.93,2.15,2.24,2.3,-1.71663010120392,-2.1720871925354,-1.23319137096405,-1.20345211029053,-1.735271692276,-1.39432609081268,6,20.560841951453,0,NA,NA,NA,NA,NA,NA,NA,-17.7801400008917,101.400140000892,NA,15.9400300007701,51.37660217,41.67272949,3.91087461,109.07,106.86,NA,191.7511230099,NA,NA,868,2220979144.52008,59.8,NA
Chad,2.62,2.62,2.37,2.37,2.42,2.15,2.37,-1.33120822906494,-1.47796535491943,-1.4041200876236,-1.46489036083221,-1.56217360496521,-1.12444484233856,6,NA,0,NA,NA,33.9625587463379,14.4200096130371,18.6257305145264,NA,48.9,-1.82338883499531,80.9558799030428,NA,36.1906824485852,19.3388176,64.376091,4.87230015,103.42,114.6,NA,110.0678631053,NA,NA,1076,11239167890.2816,60.5,NA
Channel Islands,NA,NA,NA,NA,NA,NA,NA,NA,NA,NA,NA,NA,NA,NA,NA,NA,NA,NA,NA,NA,NA,NA,NA,NA,NA,NA,NA,NA,NA,NA,NA,NA,NA,NA,NA,NA,NA,10422948632.4216,NA,NA
Chile,3.13,3.8,3.2,3.21,3.32,3.27,3.27,0.939828157424927,0.412628829479218,0.958148717880249,1.02587056159973,0.907250463962555,1.30045235157013,4,9.61432324289901,32.4,NA,NA,97.6894683837891,103.21607208252,80.8266983032227,NA,45.37,-1.11896115392177,76.915882729562,-4.49058036102366,28.529044739773,0,33.24672699,18.30398941,112.77,108.63,NA,120.6397856815,74838121947.413,70429568219.0039,15,295402646018.151,16,99.8
China,3.59,3.84,3.65,3.75,3.61,3.29,3.54,-0.186719536781311,-0.298641502857208,-0.286587774753571,-1.45992791652679,0.496618092060089,-0.22858552634716,3,6.18908395984885,0,47.92337,46.47985,NA,NA,67.3967514038086,16.42675,NA,0.65842297069049,55.0576888619141,0.173667289327805,19.1121035364139,0.00064801,35.75065613,8.76146317,104.47,103.16,0.00571,109.3789312203,2417442805605.76,2037369286973.76,20,13894907485398.9,30.2,NA
Colombia,2.87,3.17,3.08,2.67,2.94,2.61,3.19,-0.383665770292282,-0.806959629058838,-0.339970648288727,0.172091424465179,-0.139319524168968,0.224889174103737,11,12.5406220745966,78.4,49.97378,48.13149,105.190063476562,102.91561126709,NA,23.3015,47.02,-4.73531344181107,83.5398378806853,-4.201383446849,15.8997196775431,NA,15.1307478,15.75658035,98.88,101.98,1.62283,117.044139299,42993049352.7615,49387004271.9763,63,334198218100.716,20.5,98.4
Comoros,2.21,2.8,2.93,2.25,2.56,2.62,2.49,-1.14288461208344,-0.361675262451172,-0.851346492767334,-0.494234681129456,-1.71594655513763,-1.18982172012329,6,38.322088235504,0,50.78499,49.0784,NA,65.0457077026367,29.4941291809082,28.05781,NA,-17.178107363171,102.31001443759,-2.83225012355766,12.909022989086,13.1380415,67.24486542,3.99391246,107.32,105.81,14.4633,243.515635033,43601538.2469796,247235754.9112,244,1188797449.96036,56.4,NA
"Congo, Dem. Rep.",2.49,2.69,2.51,2.12,2.43,2.37,2.37,-1.80321037769318,-2.0807466506958,-1.51754856109619,-1.49919176101685,-1.57233321666718,-1.48891973495483,6,8.55138709790225,0,NA,NA,NA,NA,28.6143093109131,NA,NA,-4.81267262083075,84.2117130043808,-3.5156285808349,32.5535282648245,35.21685028,41.61063766,4.4758954,108.51,107.82,NA,230.3300448788,15966849816.9222,14972692990.5029,543,47568210020.9338,61.6,85.2
"Congo, Rep.",2.28,2.95,2.38,2.07,2.49,2.27,2.87,-1.13426172733307,-0.348402857780457,-1.37775588035583,-1.19380259513855,-1.2001781463623,-1.4128532409668,6,15.5154182694521,0,NA,NA,66.0263519287109,46.2356071472168,37.7231101989746,NA,NA,22.0233755786105,52.7902398987477,NA,71.0295689513304,5.47522306,50.25749588,3.48717761,102.43,102.69,NA,129.3644104018,NA,NA,370,13670038019.8594,69.2,NA
Costa Rica,2.7,3.16,2.96,2.49,2.79,2.63,2.78,0.467701107263565,0.453240990638733,0.501532554626465,1.11910879611969,0.352696746587753,0.476172715425491,10,12.9166824534422,87.9,50.21978,49.0634,96.1244583129883,133.874176025391,78.9696807861328,12.2047,42.87,0.531679535671247,81.0984598983196,-2.99153112707603,33.7385107761536,0.0062117,22.4164257,27.81198311,104,105.65,1.91726,122.0072974206,11730272939.5114,16350138994.7998,18,62420164964.6987,16,98.5
Cote d'Ivoire,3.23,3.23,3.14,2.89,3.08,2.78,3.21,-0.602161288261414,-0.898008048534393,-0.52569717168808,-0.248956933617592,-0.647259414196014,-0.254712522029877,6,21.0509451648051,9.6,43.18875,47.90466,65.8000793457031,43.3195991516113,30.2454490661621,41.8223,NA,-0.64910887657004,78.3963183775059,-3.90363087003055,22.6941999168587,12.27736473,39.2853241,5.11727667,116.96,114.56,NA,101.5456109169,11917663544.6429,9714987733.58141,522,58522477744.7313,65.4,NA
Croatia,3.1,3.59,3.01,3.01,3.1,2.98,2.93,0.301379770040512,0.793498814105988,0.0469512343406677,0.446271419525146,0.514107942581177,0.48981836438179,5,12.3816822401309,100,NA,NA,99.9284133911133,104.492301940918,93.3703002929688,NA,41.26,-0.87843683487284,77.7035330600237,1.57240211228404,49.3929449603522,0.00422894,11.38725431,12.24881718,100.5,102.18,NA,134.6370207307,14404843883.554,25844860718.5399,5,61330483609.8835,10.3,NA
Cuba,2.2,2.46,2.15,2.04,2.2,2.03,2.27,-0.464358031749725,0.640438854694366,0.134128853678703,-1.45681869983673,-0.250046610832214,-1.47934222221375,NA,NA,NA,52.03969,47.48721,91.5126724243164,100.892478942871,80.6999282836914,9.16029,NA,1.96201899050475,86.0039980009995,NA,14.5227386306847,0.08804822,11.17386532,14.9355917,91.8,95.02,0.2578,70.843433951,NA,NA,39,100050000000,19.4,99.9
Curacao,NA,NA,NA,NA,NA,NA,NA,NA,NA,NA,NA,NA,NA,NA,NA,NA,NA,NA,NA,NA,NA,NA,44.14,NA,NA,-26.9083057719824,NA,NA,NA,NA,NA,NA,NA,125.701967037,586007030.603352,1757053885.36313,NA,3020388826.81564,NA,NA
Cyprus,3,3.62,3.15,2.89,3.15,3.05,3.15,0.721238017082214,0.484394073486328,0.607826232910156,1.01594293117523,0.883697271347046,0.862575232982636,7,12.9400728249434,73.1,NA,NA,101.860679626465,98.9669723510742,83.9532012939453,NA,52.36,1.40664204701294,79.3057239195491,-3.81199497468464,74.9673023347764,0.36750153,44.3609581,6.73227549,86.67,102.36,NA,153.2998286825,4387522636.62016,9690119066.19037,59,25597301190.678,21.4,98.3
Czechia,3.72,4.13,3.7,3.46,3.68,3.29,3.75,1.01989901065826,1.02620995044708,0.510070621967316,0.822482824325562,0.951217532157898,1.26730799674988,7,5.41928600352194,80.5,NA,NA,93.3873062133789,102.012992858887,NA,NA,51.3,5.93862859586664,66.8645316250339,0.505899330888471,76.9435759590934,0,14.18668842,15.55736542,87.42,92.93,NA,128.0981763928,161089096031.603,151709828167.708,3,249000540729.179,12.8,NA
Denmark,4.01,4.41,4.18,3.96,3.99,3.92,3.53,1.77329659461975,0.931788921356201,2.15647912025452,1.57350194454193,1.81058418750763,1.62839412689209,8,13.5367246822891,7.4,NA,NA,99.6264190673828,129.861923217773,68.3838195800781,NA,54.48,6.14461254879097,71.2560997024968,7.21946482043636,56.5598044910739,0,13.82407188,16.73004532,75.83,92.87,NA,114.9157872925,119312014794.523,106482890598.888,5,356841216410.068,25.9,95.3
Djibouti,2.25,3.15,2.85,2.79,2.63,2.35,2.45,-0.950232684612274,-0.133512377738953,-0.742592453956604,-1.36438310146332,-0.985928177833557,-0.741602540016174,5,NA,0,45.2657,46.14395,48.9119682312012,37.2883110046387,28.684700012207,29.37453,NA,12.8410633794032,84.3719666605345,14.7117694324276,156.619875027706,19.77166176,29.10495186,4.31139565,138.76,131.22,8.39269,2636.587742569,3521958575.52006,3602776261.66857,257,2913466732.12507,56.4,NA
Dominica,NA,NA,NA,NA,NA,NA,NA,0.704500496387482,1.06885123252869,0.53607851266861,0.797379553318024,-0.269048988819122,0.125301271677017,6,NA,0,NA,NA,NA,NA,NA,NA,NA,-48.5739845648517,115.122039148663,-43.6608427039024,29.1932598071942,1.81207561,30.91319275,6.15797138,99.23,99.44,NA,33.6168945005,11570724.8962963,284518171.2,NA,554770370.37037,NA,100
Dominican Republic,2.44,2.98,2.97,2.36,2.66,2.41,2.77,-0.365889728069305,0.0121999448165298,-0.830727458000183,0.125113517045975,-0.388692080974579,-0.0285366922616959,1,14.8369211459733,100,50.34947,47.57349,92.5823211669922,82.9858932495117,81.2065963745117,18.92322,45.93,-4.95310377701756,79.1574328609125,-1.54461337156909,23.5514313052003,1.31822789,28.92064285,15.44442081,117.56,112.98,2.8143,112.6702535776,10638100000,20197300000,109,85555390385.9812,46.4,99.7
Ecuador,2.75,3.19,3.07,2.72,2.88,2.8,2.75,-0.663210570812225,-0.0948107913136482,-0.629149854183197,0.00112849986180663,-0.317857921123505,-0.886888802051544,1,10.0366845287616,73.3,50.62278,49.3201,103.886093139648,103.139450073242,77.4290313720703,24.26216,52.24,-1.15276297184783,74.4049980918913,-1.21733090502081,22.6046839884209,0.10837451,30.46494484,13.09308624,93.4,97.21,0.39609,117.9883286952,22157179400.2841,22360438411.1177,71,107562008000,34.4,95.9225117354922
"Egypt, Arab Rep.",2.82,3.19,2.72,2.82,2.82,2.6,2.79,-0.30214911699295,-1.18810069561005,-0.514392554759979,-1.32480442523956,-0.45396289229393,-0.804274797439575,5,18.3283675135577,27.3,50.25993,48.59901,90.8248825073242,78.9118576049805,61.3773193359375,23.67945,14.38,-9.94170845655994,91.2326946980412,-2.93164483711979,17.984655608418,0.65753311,62.61043167,4.72158527,96.22,96.32,1.5049,129.3924774091,28045807000,57635387500,19,262588632526.73,30.2,NA
El Salvador,2.56,3.1,2.47,2.25,2.58,2.3,2.71,-0.930241405963898,-0.389219522476196,-0.586034774780273,0.0296915024518967,-0.490081697702408,-0.0161868967115879,9,16.9573889257067,33.6,49.30743,48.1231,89.9770736694336,65.1390151977539,73.6587905883789,26.89473,43.79,-17.7648693259444,99.3933710851106,-3.30179306522223,28.9343737810256,0.17431378,37.59806824,16.6763916,103.37,99.47,2.96937,107.1943883276,4735593477.97,10375850687.8309,45,26020850000,44.7,99.9
Equatorial Guinea,2.25,2.75,2.12,1.88,2.32,1.91,2.88,-1.42432010173798,-0.0902423709630966,-1.54276144504547,-1.87332701683044,-1.19601023197174,-1.65524923801422,6,NA,0,NA,NA,NA,NA,46.4046630859375,NA,NA,15.5833878259263,71.9151155465203,NA,59.6145347244398,2.35400581,75.13496399,3.22602725,102.56,102.49,NA,100,NA,NA,219,13097012124.2261,53.6,NA
Eritrea,2.17,2.08,2.17,1.86,2.09,2.13,2.09,-1.62014710903168,-0.609398245811462,-1.32192349433899,-2.18433403968811,-1.76824188232422,-2.19343161582947,0,NA,0,46.72417,45.10555,57.8843612670898,40.419620513916,39.0230407714844,38.74092,NA,NA,NA,NA,NA,35.49721146,48.89567566,2.3541069,99.98,103.61,6.96954,134.1265776443,NA,NA,338,NA,58.5,NA
Estonia,3.15,3.8,3.21,3.1,3.31,3.32,3.26,1.20360350608826,0.580257713794708,1.46872520446777,1.19011688232422,1.15059268474579,1.54483294487,7,10.0299420419391,26.9,NA,NA,96.8126907348633,114.272331237793,90.4333114624023,NA,54.31,2.72749961283619,69.2435065996776,0.88654121246731,74.3238978479862,0.02365383,24.66475487,12.538167,71.14,84.71,NA,132.5729280609,14870729657.9268,16306450331.276,5,30624720196.2285,39.7,99.6
Eswatini,NA,NA,NA,NA,NA,NA,NA,-0.276786595582962,-0.377810627222061,-0.231745570898056,-1.36928868293762,-0.672255098819733,-0.506258010864258,4,18.8200188962016,43,NA,NA,102.443962097168,NA,69.686882019043,NA,NA,-3.88381733882534,88.6843707420868,1.30141283093343,40.4318355807961,29.59338951,10.13209057,9.96829319,105.24,104.1,NA,101.6680458091,1828272883.37979,1808063031.60022,218,4666598023.91856,63.5,NA
Ethiopia,NA,NA,NA,NA,NA,NA,NA,-0.445004612207413,-1.27457964420319,-0.504966139793396,-1.16190242767334,-0.666772186756134,-0.984722435474396,3,15.0551986612583,0,NA,NA,NA,NA,NA,NA,NA,-14.4540232105416,75.9146883285056,-5.47209886121223,8.37267586646371,36.14728546,35.49158096,4.76060486,105.94,106.1,NA,92.8029652984,2705000196.27973,13725751702.383,312,84269196152.0333,62.7,NA
Faroe Islands,NA,NA,NA,NA,NA,NA,NA,NA,NA,NA,NA,NA,NA,NA,NA,NA,NA,NA,NA,NA,NA,NA,NA,-1.23815483640265,71.5274052883565,NA,52.8180066352782,NA,NA,NA,98.61,100.62,NA,124.2048378136,NA,NA,NA,3188601035.1907,NA,NA
Fiji,2.31,2.54,2.31,2.4,2.35,2.41,2.16,0.17677891254425,0.833207309246063,0.699863374233246,0.147889748215675,0.774844706058502,0.0395447723567486,5,16.3262332413978,0,NA,NA,99.5692596435547,93.1992797851562,NA,NA,NA,-7.7378284002181,80.8957128190522,-8.4472976004249,47.7487957741689,2.10058045,13.89697933,7.71418953,103.23,117.9,NA,116.2965280383,1003626839.86929,2362276412.1166,37,5581425890.96651,46.2,NA
Finland,3.89,4.28,4.32,4,3.97,3.82,3.56,2.0346474647522,0.891700327396393,2.17132115364075,1.58888149261475,2.0138726234436,1.77911019325256,6,7.536197065389,21.4,NA,NA,99.5932312011719,161.847595214844,79.7989120483398,NA,51.81,-1.25459389536627,75.9875268780358,-1.87108538808628,38.4687872116233,0.00398112,18.43068314,13.32531834,80.26,92.95,NA,126.8343101452,74302405230.6136,73970902320,8,275708001767.838,26.5,99.6
France,3.84,4.15,4,4,3.84,3.59,3.55,1.39610087871552,0.0137935001403093,1.28164064884186,1.15723478794098,1.4197963476181,1.1474986076355,4,9.41074345219893,0,NA,NA,NA,104.071128845215,NA,NA,46.77,-1.01061817640204,77.1533605889377,-0.873698957960523,31.7136672102555,NA,9.50700569,15.27035809,96.93,97.32,NA,115.0035049662,613300698820.325,674034387772.446,8,2790956878746.61,33.6,98.1
French Polynesia,NA,NA,NA,NA,NA,NA,NA,NA,NA,NA,NA,NA,NA,NA,19.0152182874317,NA,NA,NA,NA,NA,NA,NA,NA,-23.0563253507631,95.5964667206509,NA,20.9791687502218,NA,NA,NA,101.9,103.96,NA,113.3423967211,NA,NA,NA,6135116260.64814,NA,NA
Gabon,2.07,2.67,2.07,2.09,2.16,1.96,2.1,-0.720236599445343,-0.257414042949677,-0.858977615833282,-0.961687982082367,-0.826392531394959,-0.889868915081024,6,NA,0,NA,NA,NA,NA,NA,NA,NA,31.56155528471,49.1802122868786,NA,54.2990764910062,1.22247517,23.11415291,9.41520691,102.95,103.47,NA,121.8772247931,NA,NA,229,16867326389.8696,69.1,NA
"Gambia, The",2.21,2.71,2.81,1.82,2.4,2.08,2.71,-0.455911904573441,-0.0875868499279022,-0.501664221286774,-0.21528185904026,-0.75130432844162,-0.673881351947784,6,32.235941932741,0,53.16469,51.81304,69.3567199707031,NA,35.5168113708496,36.13813,54.41,-19.6562530544245,95.3235234099524,-8.08332523594256,21.7264294987761,38.48213959,22.43855858,5.13573408,46.85,63.48,NA,121.9709502184,157697874.331337,579056166.533975,512,1670671340.37966,60.3,82.7
Georgia,2.26,2.95,2.26,2.38,2.44,2.42,2.38,0.270468592643738,-0.447616845369339,0.724707186222076,0.228967398405075,0.518160223960876,1.03199064731598,9,13.7896991685917,100,47.50196,47.71194,101.344528198242,109.953308105469,90.6641616821289,8.98194,49.34,-10.6384839257927,82.5152356309726,-6.77511118156189,50.5585276931977,0.53532571,47.668293,10.32494831,103.82,104.54,0.3322,153.3300063141,4406503034.22,8522279475.69,26,17596922469.9152,29.5,99.8
Germany,4.31,4.39,4.24,4.37,4.2,4.09,3.86,1.59134912490845,0.577707588672638,1.89832532405853,1.44279527664185,1.52358090877533,1.75632679462433,6,7.76013449050903,100,NA,NA,98.7400817871094,97.601936340332,87.3403625488281,NA,54.32,6.09784724182502,71.9825580531578,7.97314517814207,47.3088591421652,NA,13.19451141,19.96773911,81.75,91.86,NA,117.6694419994,1524788915956.5,1261497669892.03,5,3974443355019.53,19,96.2
Ghana,2.51,2.87,2.57,2.44,2.57,2.45,2.53,0.05157820135355,-0.0367385223507881,-0.138242349028587,0.558498740196228,-0.319894850254059,-0.141936391592026,6,20.0673120919156,22.4,49.19336,49.27979,87.8575210571289,66.4802017211914,41.6323089599609,27.24556,NA,-1.04872658023118,78.3993910338366,-3.03807912917595,33.4548958825786,11.01575947,37.39408112,6.41696167,113.06,113.12,1.69284,144.778506926,14942720190.828,13134075353.2923,273,67298913752.0241,67.6,78.9
Gibraltar,NA,NA,NA,NA,NA,NA,NA,NA,NA,NA,NA,NA,NA,NA,NA,NA,NA,NA,NA,NA,NA,NA,NA,NA,NA,NA,NA,NA,NA,NA,NA,NA,NA,75.2896321215,NA,NA,NA,NA,NA,NA
Greece,3.06,3.66,3.18,3.17,3.2,2.84,3.3,0.112756364047527,0.153864294290543,-0.0557379238307476,0.74184650182724,0.258635640144348,0.402087926864624,2,12.1198834592954,72.5,NA,NA,98.0888214111328,101.46395111084,71.8235626220703,NA,33.23,-2.16421435528047,89.0141644515381,-2.94672922643045,38.9929061011015,0.13328013,36.0800705,8.72866821,99.7,98.37,NA,138.3431598549,38208484096.7603,64740591423.3808,6,212049447242.107,16.1,99.9
Greenland,NA,NA,NA,NA,NA,NA,NA,1.70172333717346,1.9365086555481,1.1440976858139,1.28269290924072,0.808106005191803,1.35910987854004,NA,19.8422691078303,NA,NA,NA,NA,NA,NA,NA,NA,-0.867532817512347,79.1263519571312,NA,44.4545789045455,NA,NA,NA,NA,NA,NA,172.0642819825,NA,NA,NA,3055791340.7025,NA,NA
Grenada,NA,NA,NA,NA,NA,NA,NA,0.249573826789856,0.968616604804993,0.36996203660965,0.502225816249847,-0.197106674313545,-0.275289863348007,6,21.1778302925644,0,49.77559,48.21523,106.104331970215,106.561988830566,81.5365600585938,16.35068,NA,NA,NA,-16.1179334790884,NA,0.26375881,54.91054916,8.33406734,91.83,96.76,1.60327,96.1157888315,45511794.8518518,410900692.888889,21,1166514814.81481,NA,NA
Guam,NA,NA,NA,NA,NA,NA,NA,1.29671347141266,0.697025716304779,1.17916560173035,1.16351628303528,0.222634360194206,0.06715077906847,NA,NA,NA,NA,NA,NA,NA,NA,NA,NA,-34.5442536327609,NA,NA,19.2371202113606,NA,NA,NA,NA,NA,NA,104.9539526401,NA,NA,NA,6056000000,NA,NA
Guatemala,2.25,3.11,2.42,2.2,2.41,2.16,2.33,-1.07546639442444,-0.538192272186279,-0.821694731712341,-0.353329956531525,-0.717828691005707,-0.291999518871307,9,14.7263282022478,7,46.55401,48.26948,80.6576080322266,52.3855018615723,64.665412902832,20.26228,38.01,-10.6730290182679,96.8826054575856,0.885829128148984,18.1693265265636,1.68230891,57.50035858,16.67445374,97.61,103.3,7.76429,100.8607520814,9644081760,17628849920,98,73328369925.8478,41.3,NA
Guinea,2.07,2.04,2.7,1.56,2.2,2.45,2.32,-1.23089265823364,-0.880607545375824,-1.05975413322449,-0.768330097198486,-1.02534222602844,-0.806409239768982,6,NA,0,NA,NA,48.9295387268066,30.6102066040039,32.0903549194336,NA,NA,-8.56992047788547,89.0226056595315,-1.60638873405255,40.207095532907,10.79292297,67.11582947,3.85050702,115.25,115.04,NA,223.3427841867,3978070000,3385640000,568,11857030366.4598,66.3,55.3
Guinea-Bissau,2.28,2.86,2.78,1.78,2.39,2.01,2.53,-1.26575613021851,-0.684850454330444,-1.55884099006653,-0.682131171226501,-1.52192282676697,-1.24348342418671,6,NA,0.5,NA,NA,NA,NA,NA,NA,47.74,-5.4659255540446,88.2080250613654,-3.59784918646998,25.2760949743129,25.7341671,63.92158508,2.75228286,109.11,107.66,NA,134.5283152343,339532095.575609,293251307.191196,648,1504630233.68639,63.6,NA
Guyana,2.24,2.65,2.44,2.09,2.36,2.55,2.17,-0.383601844310761,-0.191917717456818,-0.249941125512123,0.223729163408279,-0.254933685064316,-0.540220737457275,3,11.5344054445164,60.5,NA,NA,NA,NA,89.4445877075195,NA,35.43,NA,NA,-26.6672989709157,NA,3.16092062,33.73039627,10.61480999,108.1,110.41,NA,116.3293667901,1377136300.18852,2087342319.10596,118,4787637005.53638,50.9,95.1
Haiti,2.19,2.44,2.05,1.94,2.11,2.03,2.01,-1.06164228916168,-0.640176177024841,-1.28550410270691,-0.752232193946838,-1.96588122844696,-1.30229508876801,2,NA,0,NA,NA,NA,NA,NA,NA,NA,-23.5769311175128,107.25560413153,-2.8685528063517,10.780822594633,40.86358611,38.85435531,4.7244307,86.71,88.97,NA,122.3265732036,1078506622.16601,4810140000,359,16403864521.4121,58.9,NA
Honduras,2.72,2.83,2.68,2.47,2.6,2.24,2.66,-1.05718719959259,-0.531866431236267,-0.656966507434845,-0.523381531238556,-0.618283271789551,-0.448792904615402,8,18.5735584582839,47.4,NA,NA,NA,NA,NA,NA,47.45,-20.6415290928025,94.0694601926802,-6.57234658823424,41.4548165613247,2.95789766,52.14417267,10.8920126,122.06,107.09,NA,105.0778638181,4365091335.10389,9741564354.31655,65,24067750465.9361,43.6,NA
"Hong Kong SAR, China",3.93,4.14,3.92,3.97,3.92,3.81,3.77,1.72961246967316,0.776450574398041,1.63741767406464,0.448780059814453,1.86087238788605,2.22129154205322,8,4.66711488977334,100,48.27001,47.79839,90.2210922241211,104.503463745117,76.9051132202148,13.34788,53.91,-0.213759540443439,78.2190984150899,3.73603565842398,188.339507002291,NA,NA,NA,100.18,111.12,0.36839,111.3557863924,568131304856.384,600403227304.402,NA,361731070995.726,NA,NA
Hungary,3.21,3.79,3.67,3.27,3.42,3.35,3.22,0.554466903209686,0.737417697906494,0.0557929798960686,0.487242519855499,0.443291485309601,0.563642382621765,9,5.61692768149674,91.2,NA,NA,98.8451995849609,103.515586853027,NA,NA,46.75,4.25011944902022,68.9406848318298,0.258467747165692,83.7553158559384,0,26.80404091,9.86099052,99.05,100.79,NA,126.5724195538,104603211581.616,107232403647.249,15,160565642983.587,12,NA
Iceland,3.61,3.7,3.35,3.19,3.23,2.77,2.79,1.67916393280029,1.39457714557648,1.80538582801819,1.38901424407959,1.4258269071579,1.40824568271637,4,9.63227527798091,100,NA,NA,98.4112091064453,113.783317565918,82.5607070922852,NA,75.94,3.45661781191562,74.433969897685,4.28102734251169,46.0467623881339,0,15.93706989,15.7411232,82.85,108.07,NA,117.4339241973,5720073406.9791,7180230690.72639,3,26260850582.0687,30.9,98.2
India,3.13,3.5,3.32,2.91,3.18,2.96,3.21,-0.000957082957029343,-0.997705161571503,-0.229412421584129,0.36043393611908,0.262748897075653,-0.225996732711792,9,3.89916159367795,55.9,NA,NA,NA,NA,NA,NA,19.15,-3.76131213467656,70.1115413382452,-2.42697545971004,19.9278285988562,0.46161893,53.22994614,3.45565057,110.94,114.18,0.58136,121.2079544997,332086853293.32,518778502581.258,116,2702929639861.5,44.1,NA
Indonesia,3.1,3.67,3.3,2.89,3.15,2.67,3.23,-0.313785791397095,-0.552077412605286,-0.29945981502533,0.162236914038658,0.141279011964798,-0.0218164678663015,6,10.2087283524839,38.1,50.7191,47.77049,103.938758850098,95.164680480957,68.4348602294922,17.03493,50.89,-1.06881596070857,66.0011274364273,-2.93907291486963,21.0027464972455,0.40497854,35.64099503,8.39312935,112.73,115.84,0.9885,119.7903199306,180724984049.209,180953286761.984,181,1042271532953.36,37.4,93.6
"Iran, Islamic Rep.",2.84,3.36,2.77,2.77,2.85,2.62,2.76,-0.712358295917511,-1.34214425086975,-0.984159290790558,-1.33044922351837,-0.478516161441803,-1.39584970474243,2,25.5591386885995,58.3,NA,NA,NA,NA,NA,NA,14.2,2.05060309412569,64.1306137082614,NA,30.2177517344562,0.02105307,35.8283577,22.54266548,84.46,87.04,NA,147.1675560333,NA,NA,17,327900695065.853,32.3,NA
Iraq,1.91,2.72,2.19,2.03,2.18,1.84,2.32,-1.80089974403381,-2.52095818519592,-1.45806229114532,-0.999588847160339,-1.26685917377472,-1.06386315822601,0,NA,0,NA,NA,NA,NA,NA,NA,NA,15.8034922829552,59.4175673961806,15.1162785714327,40.8026420265318,0.50444227,51.35276413,6.18508148,72.5,77.35,NA,161.2286829099,86359900000,38875700000,72,227367469034.031,40.8,95.6
Ireland,3.6,3.76,3.62,3.29,3.51,3.36,3.42,1.41238701343536,1.01116824150085,1.5346816778183,1.29546582698822,1.37823557853699,1.61936497688293,7,9.86143456458797,100,NA,NA,NA,NA,NA,NA,52.85,28.4932981831581,42.6311919215526,6.26584966551358,122.784715063326,NA,12.02261448,20.13379097,73.32,110.11,NA,133.5865840868,249522383014.322,120474157655.476,5,385736680797.111,32.5,NA
Isle of Man,NA,NA,NA,NA,NA,NA,NA,NA,NA,NA,NA,NA,NA,NA,NA,NA,NA,NA,NA,NA,NA,NA,NA,NA,NA,NA,NA,NA,NA,NA,NA,NA,NA,NA,NA,NA,NA,7491654051.08011,NA,NA
Israel,3.39,3.59,3.5,3.33,3.31,3.32,2.78,0.960281312465668,-0.918106615543365,0.753771841526031,0.630631923675537,1.16934180259705,1.23794531822205,6,8.41916293079596,70.3,NA,NA,95.2465209960938,97.2627334594727,85.6912231445312,NA,58.53,0.872870277746206,75.3423555735345,2.91471913383938,29.8939141012579,1.3860333,21.83692932,11.76317978,92.34,99.45,NA,96.7034365695,60170200000,76895600000,3,376691526553.276,26.6,NA
Italy,3.66,4.13,3.85,3.85,3.74,3.47,3.51,0.240896880626678,0.326139509677887,0.21592815220356,0.963564574718475,0.409032583236694,0.715148270130157,2,9.92310613569196,100,NA,NA,98.6604232788086,100.700157165527,95.5328063964844,NA,36.26,2.40355715891555,79.068982616601,2.58066934226131,31.3535542007886,NA,23.55094528,13.24982357,95.41,99.17,NA,120.2492349057,532948165585.861,478801279777.024,5,2091932426266.94,27.7,99.9
Jamaica,2.54,2.79,2.48,2.32,2.52,2.42,2.53,-0.217798143625259,0.423851728439331,-0.230746984481812,0.593458533287048,0.595471441745758,0.129099026322365,9,16.4436782086749,27.7,49.71555,48.08468,84.9745483398438,87.6842269897461,89.8166580200195,24.79434,52.36,-12.8502094708549,89.5386905716164,-1.492781780596,38.5638482851901,1.49903858,16.77745247,13.03939724,102.92,105.74,2.36049,155.2956597454,1960961118.19106,5475744136.59748,91,15730791525.65,49.8,99.7
Japan,4.09,4.25,4.05,4.25,4.03,3.99,3.59,1.49416756629944,1.03735864162445,1.38864803314209,0.99475222826004,1.63468813896179,1.33422780036926,5,9.42472232479178,100,NA,NA,NA,102.560302734375,NA,NA,51.24,0.0199593949374998,74.3383262960447,3.51661817468288,18.3149455985223,0,12.99456787,24.48934555,96.51,99.49,NA,118.1177766871,735577790778.078,724990493562.357,5,5040880939324.86,11.1,99.9
Jordan,2.55,3.18,2.77,2.72,2.69,2.49,2.44,0.231556087732315,-0.379783809185028,0.123943954706192,-0.717258751392365,0.0952989310026169,0.0308431684970856,0,18.9063968497975,19.9,50.67404,48.92256,NA,64.7993469238281,79.0597305297852,18.53699,11.08,-17.7083912226639,93.3481946993352,-6.83122381081,35.1277586384661,4.44662285,30.94486809,12.62642097,90.87,103.9,1.07954,98.9440272218,7750281690.14085,18052394366.1972,42,43370860704.2254,26.6,99.7
Kazakhstan,2.58,3.53,2.78,2.55,2.81,2.66,2.73,-0.503434121608734,-0.0526988133788109,-0.492077380418777,-1.20001685619354,-0.0420075468719006,0.0946238711476326,6,10.6216549277196,59.3,49.71234,48.96945,102.197532653809,102.184547424316,98.1937713623047,19.63913,NA,11.7224803387558,60.4192620570995,-0.984581634935252,37.6252184252873,0.15486297,33.47025299,9.09603882,117.15,113.81,0.03295,132.6411741481,59025316878.78,34986898680.6089,14,179339977517.062,38.2,99.9
Kenya,2.81,3.18,3.07,2.55,2.81,2.65,2.62,-0.427653700113297,-1.17969214916229,-0.862696051597595,-0.374979466199875,-0.493594706058502,-0.265344053506851,10,14.0491243531296,29.9,NA,NA,NA,NA,NA,NA,NA,-9.33080251002456,89.4515972547797,-5.41106679403584,12.541975333359,22.1549015,23.36505699,7.22666931,108.82,96.26,NA,102.4593164663,6086592995.13318,16286209290.9458,512,92202979940.671,64.5,NA
Kiribati,NA,NA,NA,NA,NA,NA,NA,0.576801478862762,0.998590290546417,0.348221093416214,1.12343680858612,-0.0640199407935143,-0.662966728210449,4,37.4776605248094,0,NA,NA,NA,NA,NA,NA,NA,-77.5584410646388,152.103422053232,39.1525156719564,10.7554752851711,22.93151855,0.08613062,6.46117115,107.87,107.69,NA,81.7863922381,8402673.12862537,100565992.214327,110,196501504.185186,NA,NA
"Korea, Dem. People's Rep.",NA,NA,NA,NA,NA,NA,NA,-1.64309453964233,-0.34075191617012,-1.5878449678421,-2.21095252037048,-1.60607719421387,-2.38481521606445,NA,NA,NA,NA,48.89785,NA,NA,82.2306594848633,20.30024,NA,NA,NA,NA,NA,NA,NA,NA,91.1,92.57,NA,6.0452793829,NA,NA,107,NA,45.8,NA
"Korea, Rep.",3.59,3.92,3.75,3.73,3.61,3.4,3.33,1.199627161026,0.638081014156342,0.57312136888504,0.798121333122253,1.13534736633301,1.09374976158142,5,5.8238049423598,100,NA,NA,96.4279479980469,98.8866806030273,77.6786804199219,NA,51.31,4.43771617274243,64.0750996500566,4.49121354966825,41.7132908430894,NA,32.50151062,14.1582756,97.18,100.02,NA,114.8271834664,626266500000,516179700000,6,1724845615629.26,9.4,NA
Kosovo,NA,NA,NA,NA,NA,NA,NA,-0.383673995733261,-0.675402104854584,-0.527982175350189,-0.137490570545197,-0.44447934627533,-0.343168258666992,11,NA,0,NA,NA,NA,NA,NA,NA,11.45,-28.208155231768,91.913628091705,-7.6217333874861,29.0534647196644,NA,NA,NA,NA,NA,NA,NA,443642065.810286,3668524736.74618,NA,7878762812.20156,NA,NA
Kuwait,2.8,3.37,2.66,3.02,2.86,2.73,2.63,0.185752928256989,0.0905337333679199,-0.316699147224426,-0.604680120944977,-0.121309354901314,0.0114181833341718,1,15.0275119616334,30.7,48.59136,48.97198,NA,NA,89.4810333251953,8.88073,NA,11.8755314219018,62.8168082924679,17.4013844214159,57.4954949230184,0,10.6470356,8.98124695,100.31,114.25,0.45439,132.9181099587,77080075563.423,31369500436.0877,7,138202309918.726,29,99.9
Kyrgyz Republic,2.36,2.94,2.64,2.38,2.55,2.75,2.22,-0.928147077560425,-0.529558122158051,-0.960398018360138,-0.354460328817368,-0.646391749382019,-0.397319167852402,9,11.1110730511763,37.9,49.73959,48.7983,98.1222152709961,91.2969665527344,98.520378112793,24.98946,50.03,-35.6720998915322,99.655470738986,-11.6275560993583,31.6017300051143,4.9450717,46.61981201,7.33437634,109.07,107.41,0.01357,127.431663631,1904511151.21524,4898299051.06508,54,8271106196.04253,37.5,99.8
Lao PDR,2.65,2.84,2.91,2.44,2.7,2.61,2.72,-0.863172948360443,0.407829284667969,-0.997076809406281,-1.75023281574249,-0.723398149013519,-0.824817895889282,6,12.3817697224743,0,47.59531,48.11446,97.3039016723633,64.0588912963867,52.3480796813965,22.33717,NA,NA,NA,-9.08923087766849,NA,12.45091534,48.54592896,4.15752554,99.12,96.56,3.37168,148.0254180579,5407819544.09933,6314641257.63304,165,18141651381.3884,41.9,NA
Latvia,2.69,2.88,2.79,2.98,2.81,2.8,2.74,0.923249125480652,0.395304828882217,0.297805100679398,0.792103886604309,1.00042855739594,1.13444352149963,9,15.4825825601998,44.6,NA,NA,99.1960220336914,108.584571838379,92.2990036010742,NA,52.23,-0.664478117180628,77.5572729446795,-0.13197994464516,61.4589417496788,0.16463046,39.34199905,9.38321686,70.99,83.55,NA,131.573994356,14851141942.5641,17793266063.0952,23,34429023435.0205,32.9,NA
Lebanon,2.47,3.18,2.8,2.64,2.72,2.38,2.8,-0.782223165035248,-1.62153577804565,-1.13269829750061,-0.513791620731354,-0.673814237117767,-0.454621404409409,2,17.1805266710537,0,53.07088,48.20531,NA,NA,NA,NA,NA,-26.7482649873096,104.261161585012,-24.3470417876461,20.7545211582482,1.02910602,35.27531052,11.55323315,103.84,105.44,4.88798,96.1905764158,3541666918.39719,18453727531.1895,18,54901519155.6219,12.5,NA
Lesotho,2.03,2.7,2.37,1.96,2.28,2.36,2.21,-0.366134911775589,-0.188686534762383,-0.136426091194153,0.00887552369385958,-0.922438740730286,-0.55536687374115,5,19.0604977582705,11.3,NA,NA,NA,NA,NA,NA,NA,-45.011187366138,118.524415968153,-2.17549067890759,48.809449806788,37.51856613,14.2795763,9.61050892,131.1,107.04,NA,131.5018955516,1221141694.67163,1931540160.45952,599,2556247155.56945,61,86.6
Liberia,2.14,3.25,2.05,1.91,2.23,1.91,2.08,-1.00145649909973,-0.203764617443085,-0.871749877929688,-0.0270221866667271,-1.32299840450287,-0.989606022834778,10,NA,0,NA,NA,NA,NA,NA,NA,NA,NA,NA,-19.6944373252366,NA,31.07406807,43.41012573,5.19547224,100.15,95.91,NA,193.5933639775,516956967.62,1041143568.83246,684,3422754800,62.2,NA
Libya,2.05,2.77,1.64,2.25,2.11,1.95,1.99,-1.69031953811646,-2.43496870994568,-1.53013646602631,-1.53367853164673,-1.68523025512695,-2.21521806716919,0,26.2829514153415,0,NA,NA,NA,NA,NA,NA,NA,15.4458752372846,69.4203617138561,14.7041087924816,39.6135044170514,NA,NA,NA,100.85,103.27,NA,261.8504213185,29830400000,13786200000,69,76686048499.3527,36.9,NA
Liechtenstein,NA,NA,NA,NA,NA,NA,NA,1.63483166694641,1.45358550548553,1.95854675769806,1.29667818546295,1.68902397155762,1.52256798744202,3,NA,0,NA,NA,118.75,104.070198059082,78.9883270263672,NA,NA,NA,NA,NA,NA,NA,NA,NA,NA,NA,NA,NA,NA,NA,NA,6692618410.5125,NA,NA
Lithuania,2.96,3.65,3.12,2.73,3.02,2.85,2.79,0.923340857028961,0.729063928127289,0.46633306145668,0.901689648628235,1.03165376186371,1.09371483325958,6,11.6991696886547,96.8,NA,NA,104.464637756348,106.193626403809,96.8003768920898,NA,53.47,1.81602965126439,77.8276219039317,0.229385319103767,75.2054048902229,0.31288689,31.51578522,12.67734814,75.33,83.23,NA,131.2867684017,28955487005.7667,32322643693.3985,8,53751411409.4437,22.3,100
Luxembourg,3.76,3.9,3.61,3.63,3.63,3.53,3.37,1.76834964752197,1.34725511074066,2.04786849021912,1.54260861873627,1.73642694950104,1.7491340637207,3,12.405002913907,0,NA,NA,75.9135665893555,108.786758422852,75.8796081542969,NA,52.52,32.5787704309917,50.3765412792074,3.73116137472709,197.501337465788,1.41230023,10.47403049,10.6023798,103.18,111.03,NA,95.7579941115,28272900681.1662,26233452876.0014,7,71000359760.4599,28.7,NA
"Macao SAR, China",NA,NA,NA,NA,NA,NA,NA,0.971920669078827,1.22957813739777,0.675081074237823,-0.0683546885848045,1.15808200836182,1.60642433166504,NA,16.3968373621306,NA,48.80025,48.17859,84.4800033569336,93.8029174804688,82.2371368408203,13.49843,NA,49.4291738650139,33.3526036169874,33.0034017299807,82.5299193561036,NA,NA,NA,102.77,91.7,1.29343,112.7971567403,1969165074.37213,12803237250.1539,NA,55284309690.2698,NA,NA
Madagascar,2.33,2.73,2.61,2.16,2.39,2.32,2.19,-0.836624085903168,-0.578839123249054,-1.02054178714752,-0.321327120065689,-1.21207213401794,-0.785894691944122,2,17.5646906372743,0,50.99791,49.79428,65.8189315795898,36.7167587280273,53.4959907531738,39.81169,NA,-4.76945735941741,85.6233509126556,0.712560880242075,31.5360236543653,29.53611565,28.99009705,10.47741127,102.05,100.53,24.84218,151.8355351048,3035724609.31613,3493261049.59782,423,13760033282.6071,54.7,46.1
Malawi,2.68,2.97,2.67,2.18,2.59,2.43,2.55,-0.405376076698303,-0.431270897388458,-0.765652000904083,-0.0756177753210068,-0.801292061805725,-0.723060786724091,11,10.3285910360541,30,49.53251,49.94967,NA,37.5991897583008,44.025520324707,58.67919,NA,NA,NA,-17.0402517560956,NA,57.43753433,12.8176527,8.66773891,115.07,124.23,NA,81.4714986903,945381810.845587,2603735395.24194,392,9880675785.93057,60.6,NA
Malaysia,3.3,3.46,3.15,3.15,3.22,2.9,3.35,0.529128134250641,0.247989401221275,0.300330877304077,-0.100061126053333,1.05384254455566,0.575907409191132,7,7.44824533588816,86.6,51.27877,NA,93.2963485717773,82.911003112793,69.3993682861328,NA,53.23,6.7073173372457,69.395262701878,2.23708214546085,68.554971419686,0,36.64058304,8.45166874,103.28,100.67,NA,123.7575547447,205655448513.781,177229630861.575,22,358788833524.945,19.9,99.6
Maldives,2.29,3.32,2.6,2.72,2.67,2.4,2.66,-0.55726546049118,0.0829711183905602,-0.875025868415833,-0.675655543804169,-0.492414593696594,-0.531163573265076,2,17.2585559308763,0,NA,NA,95.9162292480469,78.6036529541016,70.755126953125,NA,NA,-13.6061838635683,61.8257375233021,-28.3444983487589,70.1131851868006,1.17921603,19.77984238,17.67908669,100.9,100.68,NA,141.5171664752,339229050.537794,2764166647.41204,49,5300949822.99805,19.2,NA
Mali,2.45,2.83,3.08,2.3,2.59,2.15,2.7,-0.815356373786926,-2.08446145057678,-0.711567580699921,-0.327701359987259,-1.02598321437836,-0.600795805454254,6,14.6304765515477,1.6,44.99883,46.5862,NA,35.113208770752,31.6866493225098,37.82669,50.79,-11.100034000424,90.6417313973098,-4.89872553731291,24.5223744016967,34.99575043,32.55354309,5.66878557,125.12,123.8,NA,131.9067117249,3585281659.26705,3968039181.23072,440,17070867577.6666,53.9,67.3
Malta,2.8,3.01,2.8,2.9,2.81,2.7,2.7,1.01952743530273,1.27142131328583,0.547609329223633,1.100830078125,0.931033909320831,1.32744300365448,2,12.2188324925601,0,NA,NA,100.151672363281,104.604400634766,NA,NA,47.85,18.1492903843625,61.9712622482225,5.67588166689264,162.796350797429,0.01622057,34.29564285,15.1826725,65.69,80.8,NA,122.4423932293,3777857699.17837,5532749504.5834,4,15298004130.4975,23.1,99.7
Marshall Islands,NA,NA,NA,NA,NA,NA,NA,0.163996770977974,0.998590290546417,0.348221093416214,1.12343680858612,-0.182951793074608,-0.797005653381348,10,NA,0,NA,NA,NA,NA,NA,NA,NA,-49.3082351138899,133.55906593845,24.1787188229867,39.8470252400147,46.48692322,1.09066844,12.2647419,80,80,NA,78.9569973241,85995959.1811202,118971696.565473,NA,219330300,NA,NA
Mauritania,2.19,2.68,2.47,2.26,2.33,2.2,2.19,-0.707490384578705,-0.632418096065521,-0.812102079391479,-0.86835104227066,-0.825167000293732,-0.865196943283081,2,18.2390093894863,0,49.75324,50.70468,72.1120223999023,34.6797714233398,33.4431915283203,34.27814,NA,-15.9742286909273,69.5245156722083,-13.0177274187857,36.5862504012937,9.28334332,45.92919159,6.97639227,121.48,107.07,1.7824,112.0175113301,1895040485.39489,2601454256.29344,461,7473550557.07378,46.4,NA
Mauritius,2.86,3,3,2.8,2.73,2.7,2.12,0.709945678710938,0.859399259090424,0.186878189444542,0.738156199455261,0.894913613796234,1.04394924640656,6,21.0041126642229,0,51.98934,49.72,98.188720703125,95.9042892456055,78.9483184814453,16.19841,40.89,-5.89464590328509,87.0218199489248,-3.7690312029837,46.0962669509066,0.49901187,48.2336235,10.2022686,82,89.19,0.00673,88.8757275762,2365715959.07508,5380746637.59276,50,14735695930.9727,40.5,99.8
Mexico,3.02,3.53,3,2.85,3.05,2.77,3.1,-0.641823947429657,-0.673981010913849,-0.948684394359589,-0.00858165230602026,-0.292913615703583,0.0843754634261131,10,5.48103866403056,100,NA,NA,102.486167907715,110.51097869873,67.4076080322266,NA,42.06,-2.04428077097415,76.3472890063651,-2.13816698285651,39.2575517289021,NA,42.30939865,10.41115475,113.02,110.48,NA,118.43711598,451082234752,464849865242,56,1222405556421.13,19,NA
"Micronesia, Fed. Sts.",NA,NA,NA,NA,NA,NA,NA,0.0350411422550678,1.31512069702148,0.672230362892151,1.12343680858612,0.163868218660355,-0.923807919025421,10,NA,0,NA,NA,89.7265930175781,NA,66.890754699707,NA,NA,-29.9020009091083,NA,NA,35.4747304458985,71.28076172,2.40970683,5.52872467,100.53,101.12,NA,118.1806696659,NA,NA,69,401932300,NA,NA
Moldova,2.3,3.17,2.21,2.02,2.46,2.25,2.69,-0.433740764856339,-0.402226477861404,-0.746429085731506,-0.109600901603699,-0.501230299472809,-0.0323153994977474,8,12.6922468037104,15.8,49.82607,48.30349,101.120910644531,95.4011535644531,98.1839065551758,17.92314,65.69,-26.0540475415259,99.4622368711788,-10.7686094765277,30.6963699430194,2.71713424,40.09463882,12.02570248,128.98,121.4,0,137.5889770067,1975050000,5269050000,14,11253727815.4762,34.8,99.7
Monaco,NA,NA,NA,NA,NA,NA,NA,1.53662586212158,1.57725429534912,1.78090953826904,0.640359580516815,1.87926542758942,1.18732905387878,NA,NA,NA,50.09622,49.8738,NA,NA,83.4196929931641,11.38506,NA,NA,NA,NA,NA,NA,7.6304965,6.64792919,NA,NA,2.73279,NA,NA,NA,NA,7194256778.2745,NA,NA
Mongolia,2.21,3.06,2.1,2.1,2.37,2.22,2.49,-0.278373807668686,0.831077039241791,-0.448486506938934,0.244647413492203,-0.246496841311455,0.00820671487599611,9,11.408061044491,0,NA,48.8393,98.447868347168,92.8467025756836,94.9794845581055,30.38318,49.64,-10.0263086878745,70.64838117472,-14.4368935880334,58.1647822763909,5.41298103,34.19777679,7.78027391,106.26,126.34,0.0489,150.1681194565,6556543073.88981,5871288932.51583,42,13178094719.8612,19.7,99.3
Montenegro,2.72,3.33,2.58,2.57,2.75,2.56,2.68,0.00317244976758957,0.0375925563275814,-0.0145488446578383,0.0619072541594505,0.0906900018453598,0.391958713531494,12,20.9967877364776,0,49.77254,46.50275,94.9813079833984,89.8832931518555,NA,NA,40.82,-23.859296223781,91.944445040134,-17.1244081846821,42.8750002680603,NA,39.6108551,10.53136349,104.27,101.1,0.31199,NA,514288536.822923,2928206572.14359,5,5506944403.30196,12.1,98.8
Morocco,2.49,2.88,2.51,2.43,2.54,2.33,2.58,-0.248697802424431,-0.348556756973267,-0.289577841758728,-0.675675570964813,-0.349293291568756,-0.259155303239822,2,10.83020498328,29,47.71739,47.60808,91.8396530151367,75.1792907714844,57.1685409545898,26.80065,NA,-9.59801277905553,77.4584454798504,-4.87290185287995,33.8284373726717,0.18119994,46.98527527,7.18196535,116.63,115.69,7.59632,128.0948146105,24619714761.3292,44872285913.3977,78,127341141871.205,48.7,86.6
Mozambique,NA,NA,NA,NA,NA,NA,NA,-1.06734263896942,-0.833329558372498,-0.808722257614136,-0.484441161155701,-0.960750162601471,-0.796630501747131,1,15.9310035112121,0,48.80982,48.10345,51.7164688110352,30.0714225769043,45.7130088806152,55.27379,NA,-37.4641511117155,87.416328404478,-32.1980429370295,44.8700028830136,62.33158112,9.49615479,5.76476336,138.29,133.88,8.16305,146.847027372,5012287397.41507,6312901340.76377,160,14845400592.6712,62.6,NA
Myanmar,2.28,2.91,2.2,1.99,2.3,2.17,2.2,-1.04310393333435,-1.26694679260254,-0.612783849239349,-0.900316596031189,-1.09122586250305,-0.750430941581726,2,13.0579466291119,0,51.96351,48.55953,105.002029418945,80.4303436279297,80.2630081176758,24.3599,48.81,-5.72948029673415,74.2170117400104,-3.81438530630087,28.3597133642041,8.72342968,76.44635773,3.45481491,98.79,80.24,NA,145.3669676346,11075561646.0452,15207448752.5203,215,67144726167.9294,39.1,NA
Namibia,NA,NA,NA,NA,NA,NA,NA,0.329466938972473,0.684950053691864,0.307371318340302,0.466437667608261,0.113843135535717,-0.000688285275828093,5,11.2812687041413,60.8,NA,49.21554,102.177391052246,NA,68.4972076416016,25.09173,45.11,-9.9487363585584,95.032094896368,-3.55152143955884,35.8825652135406,4.66934395,8.06900978,10.65234089,111.27,102.38,12.84377,184.1201198737,4189938416.54528,5745325850.64697,218,13682019171.6627,63.6,NA
Nauru,NA,NA,NA,NA,NA,NA,NA,-0.0620704852044582,0.944292485713959,0.509996652603149,0.479215204715729,0.273034930229187,-0.135701671242714,NA,NA,NA,NA,NA,NA,NA,NA,NA,NA,-31.3609467455621,NA,6.41732212203982,54.4378698224852,8.93826199,0.74564779,10.80152702,103.09,100.11,NA,82.1058526956,11860461.9625575,60576610.9812595,NA,130995580.092154,NA,NA
Nepal,2.46,3.1,2.65,2.19,2.51,2.29,2.36,-0.491404861211777,-0.542416572570801,-0.688618004322052,-0.129691317677498,-0.954992532730103,-0.775707900524139,10,15.1995572665085,2.7,NA,NA,NA,NA,NA,NA,NA,-32.8161049022142,85.2083998611598,-8.30080511636277,7.81564102171194,13.53797245,57.72503281,3.81159782,105.88,108.08,NA,109.0923849924,932254409.391595,12862981205.4652,201,33111525182.7133,47.2,NA
Netherlands,4.09,4.25,4.02,4.21,4.02,3.92,3.68,1.74473142623901,0.838097333908081,1.88895213603973,1.49929475784302,1.80971109867096,2.01364374160767,2,12.2346607329315,95.8,NA,NA,NA,114.827590942383,87.353759765625,NA,56.76,10.543717142536,68.4986957145275,9.31488167687975,84.6834636757465,0.02578882,10.79132938,15.59073544,93.37,96.11,NA,127.3920929224,572563873251.804,487951545689.423,4,914043438179.591,18.4,NA
New Caledonia,NA,NA,NA,NA,NA,NA,NA,NA,NA,NA,NA,NA,NA,NA,NA,NA,NA,NA,NA,NA,NA,NA,46.17,NA,NA,NA,NA,NA,NA,NA,116.05,97.37,NA,158.2575172411,NA,NA,NA,9896402295.48329,NA,NA
New Zealand,4.02,4.26,3.92,3.99,3.88,3.71,3.43,1.83372128009796,1.51216089725494,2.1350314617157,1.60416686534882,1.6288366317749,2.00085973739624,12,11.3255667552239,100,NA,NA,NA,116.203987121582,84.229736328125,NA,62.78,-0.0457171220418573,76.0821079511872,-4.04744721289636,27.8786275719963,NA,12.91324902,18.95952034,102.85,102.03,NA,115.4774774842,39917330736.6666,43439684500.7663,8,211886686924.483,16.6,96.4
Nicaragua,NA,NA,NA,NA,NA,NA,NA,-1.07868373394012,-0.950931131839752,-1.02382683753967,-1.09969997406006,-0.81227046251297,-0.731356859207153,2,14.3596052375067,59.5,NA,NA,NA,NA,NA,NA,NA,-9.43017939652886,85.3555691271543,-1.79727608460573,42.2772872266654,4.16103935,33.15946198,18.74295044,117,114.25,NA,103.6068893606,4197400000,5801500000,74,13025266513.3167,34.1,NA
Niger,2.1,2.33,2.22,2,2.07,1.77,2,-0.605169057846069,-1.35823786258698,-0.592441618442535,-0.598497688770294,-0.827720761299133,-0.682929277420044,6,28.1596851638894,0.5,42.54018,NA,NA,NA,52.6886596679688,NA,NA,-14.4635735012585,85.4801312122894,-12.686912004194,11.8352698611252,11.80958366,48.96118927,8.3492775,121.88,119.81,NA,110.5666472505,1203027402.36562,2282333572.9888,432,12808661487.4035,57.8,NA
Nigeria,2.4,3.07,2.68,2.56,2.53,1.97,2.52,-0.917747616767883,-2.09741425514221,-1.08356761932373,-0.424289911985397,-1.11822462081909,-0.878198742866516,9,10.9317925954323,11,NA,NA,NA,41.0835418701172,53.7836418151855,NA,NA,-2.01405512986582,82.2002803355254,1.72693320593322,15.4968891804996,7.16919279,75.94579315,3.8811214,112.62,111.74,NA,120.5717522759,61221023098.3089,40753698152.9092,1135,421739210176.152,63.1,43.3
North Macedonia,2.74,3.03,2.64,2.47,2.7,2.45,2.84,-0.307711988687515,-0.21198371052742,-0.392472922801971,-0.0259811878204346,0.0558764338493347,0.515392661094666,9,10.0149828427261,100,NA,NA,92.5875091552734,76.5818786621094,84.3368606567383,NA,33.67,-12.464933013355,80.1361219468646,0.143273399696415,60.3751373173263,0.00153969,41.23317337,12.41411114,101.34,101.51,NA,152.3644440339,5752885868.48835,7807389347.82024,3,12683068033.1043,9.6,99.9
Northern Mariana Islands,NA,NA,NA,NA,NA,NA,NA,NA,NA,NA,NA,NA,NA,NA,NA,NA,NA,NA,NA,NA,NA,NA,NA,-7.22521137586472,NA,NA,50.7302075326672,NA,NA,NA,NA,NA,NA,267.999999939,NA,NA,NA,1301000000,NA,NA
Norway,3.69,3.94,3.94,3.69,3.7,3.52,3.43,1.92218768596649,1.12063598632813,2.05011701583862,1.70854437351227,1.84516203403473,1.78418827056885,5,9.21545451153842,100,NA,NA,99.4349670410156,115.596313476562,74.4640808105469,NA,59.57,6.43885878720488,65.834242255383,7.94959431636821,38.2210272883516,0,13.96863365,17.59609985,71.74,96.64,NA,117.2024594492,121921985552.602,88105673271.8501,2,439788625883.8,31.6,99.2
Oman,3.05,3.8,2.97,3.16,3.2,2.87,3.3,0.436154454946518,0.642036437988281,0.215245455503464,-1.03981590270996,0.126958504319191,0.160653665661812,1,14.8275810162406,0,48.70516,50.21005,97.4994506835938,103.182197570801,70.9342727661133,9.67394,33.03,11.9633924511141,56.3619827194179,-4.3733695021117,50.6213051386994,0,6.4967432,7.25043583,134.25,134.13,0,130.8034236936,41730065399.2198,23645752555.6957,16,91505851755.5267,30.4,98.6
Pakistan,2.59,2.66,2.27,2.2,2.42,2.12,2.63,-0.683727979660034,-2.2538845539093,-0.801387310028076,-0.813987374305725,-0.666681349277496,-0.667998254299164,2,10.0377089627561,7.2,44.37783,44.0147,55.6596336364746,34.239688873291,54.219108581543,44.0773,20.86,-10.4624569499061,93.3941654731166,-5.2955617416181,8.58179970762808,6.93023397,56.43142222,4.89806895,94.81,107.09,1.81151,106.0475872019,24842000000,56753000000,178,356128167702.894,18.7,69.3
Palau,NA,NA,NA,NA,NA,NA,NA,1.00182437896729,1.19479954242706,0.509996652603149,1.12343680858612,0.23295870423317,0.106942422688007,10,22.9564406589098,0,NA,NA,NA,NA,NA,NA,NA,NA,NA,-19.8034398034398,NA,2.55117035,16.68333626,17.15701103,NA,NA,NA,70.1801096407,13790000,151941000,NA,284900000,NA,100
Panama,3.33,3.6,3.4,3.13,3.28,2.87,3.31,-0.159152254462242,0.252037286758423,-0.610022246837616,0.558176338672638,0.0126904994249344,0.385193198919296,8,10.0868321387973,73.7,NA,NA,NA,NA,NA,NA,48.82,NA,NA,-7.88474360019231,NA,0.08308023,35.70438766,19.895504,113.18,107.68,NA,101.1679193954,14751987604.66,23959388839.15,47,67294169234.6291,25.4,92.9
Papua New Guinea,1.88,2.44,2.26,1.97,2.17,2.32,2.15,-0.764962136745453,-0.656307816505432,-0.868210077285767,0.0635633021593094,-0.65572988986969,-0.528640508651733,9,NA,7,NA,NA,NA,40.085090637207,NA,NA,NA,NA,NA,13.630270051938,NA,19.96677589,9.6264677,7.94931364,101.94,102.71,NA,124.4967580898,9809410251.5412,3804701344.28935,199,24109780113.2307,58.9,56.4
Paraguay,2.72,3.45,2.61,2.55,2.78,2.64,2.69,-0.602721273899078,-0.0868015140295029,-0.870616137981415,0.0319394469261169,-0.604826033115387,-0.0895191580057144,1,8.51893923193412,24.5,NA,NA,NA,NA,NA,NA,54.99,1.63722344694689,75.580691757721,-0.241944861323747,36.8532235364499,0.06466379,43.87631607,14.71026611,111.5,110.22,NA,108.2042223859,13181644590.3049,12608588660,70,40225448651.3062,38.8,97.7
Peru,2.42,3.45,2.55,2.28,2.69,2.53,2.84,-0.566928744316101,-0.276951968669891,-0.597704648971558,0.215548977255821,-0.32370787858963,0.443382769823074,7,11.3941783907753,100,48.66198,49.10449,89.1649780273438,97.3554992675781,67.479362487793,17.38724,67.1,1.75289917275844,76.9359256849484,-1.1893149591628,25.1921846722472,0.19882652,29.40898895,14.91506672,112.46,110.94,2.4651,143.149581993,49066475807.7562,41865579926.4248,63,222597030191.041,24.2,93.7
Philippines,2.78,2.98,3.06,2.73,2.9,2.53,3.29,-0.564711272716522,-1.09619224071503,-0.576285362243652,0.021107655018568,0.0622235201299191,0.0287664085626602,1,11.1920718061376,12.4,NA,NA,109.831130981445,86.4065399169922,87.3530197143555,NA,44.18,-11.7361875523724,84.5856055108103,-2.5593930608875,30.2136053733275,0.31150675,50.4368515,7.36832047,102.76,101.66,NA,114.7222444733,51976749434.2426,102949246902.723,82,346841896890.489,6.4,NA
Poland,3.58,3.95,3.51,3.21,3.54,3.25,3.68,0.376462787389755,0.480340898036957,0.623056650161743,0.7101930975914,0.546931207180023,0.874214768409729,7,8.31583833661229,98.1,NA,NA,93.8408889770508,109.459831237793,83.0122528076172,NA,46.6,2.04556206283923,76.5043691388597,-1.92805511011961,52.7480289263233,0.05831454,20.79458046,10.82951164,93.26,102.97,NA,132.3646723773,242228000000,255468000000,2,588779850763.487,21.1,99.8
Portugal,3.71,4.13,3.72,3.25,3.64,3.17,3.83,1.10758209228516,1.11509525775909,0.806138753890991,1.17851006984711,1.18123805522919,0.874975383281708,2,14.143331391887,7.9,NA,NA,99.2478179931641,118.793411254883,80.8415374755859,NA,50.43,0.462677122134459,81.2468512427404,0.545501327249672,43.4457190264876,0.06990038,29.91726875,13.3130827,101.73,101.9,NA,124.1879869293,66409520953.0129,84823794507.3444,11,242313116577.963,30.2,99.9
Puerto Rico,NA,NA,NA,NA,NA,NA,NA,0.556203603744507,0.273657262325287,0.0021510876249522,0.472064346075058,-0.193019330501556,0.937738716602325,12,NA,100,NA,NA,88.1743011474609,94.1540985107422,87.1030197143555,NA,NA,13.9066602877828,72.5149344133854,NA,59.9538818579193,NA,NA,NA,100.53,96.77,NA,NA,NA,NA,18,100958100000,NA,NA
Qatar,3.42,3.7,3.56,3.38,3.47,3,3.75,0.704719603061676,0.649283885955811,0.692682802677155,-1.20660161972046,0.630387604236603,0.587529361248016,1,10.6236797484241,0,49.19254,48.8844,100.71346282959,101.613899230957,79.8244934082031,12.1676,57.63,20.0452773650276,39.2956223708568,9.08293669883969,55.9418631716143,0,10.34860992,8.67802334,122.68,140.41,NA,108.8924481677,84288461538.4615,33307142857.1429,6,183334953818.681,20.3,100
Romania,3.07,3.68,3.26,2.91,3.12,2.58,3.18,0.36751726269722,0.0362158752977848,-0.226688459515572,0.533273637294769,-0.17701081931591,0.406415402889252,9,8.83206879758597,55.7,NA,NA,87.9428329467773,86.5674591064453,90.2401123046875,NA,44.04,-3.38717571585303,80.0372365150576,-4.57678838002413,41.5417472926055,NA,19.45757103,12.72207546,132.87,118.69,NA,131.462906961,73050449612.881,91069099327.5172,11,243316050520.725,39.8,93.1
Russian Federation,2.75,3.31,2.65,2.78,2.76,2.42,2.64,-0.83245325088501,-0.538375675678253,-0.86911803483963,-1.07016456127167,-0.103585228323936,-0.562712371349335,9,11.8709786748031,88,NA,NA,100.545150756836,100.518127441406,99.234733581543,NA,53.19,10.0056132337522,68.0762976150015,6.9798987664776,30.7932568020743,NA,38.31166458,9.76066208,103.57,104.68,NA,130.0202976513,443914670000,248856860000,9,1657328764645.93,31,99.7
Rwanda,2.85,3.35,2.75,2.76,2.97,2.67,3.39,0.109598584473133,0.101642534136772,0.535657405853271,-1.14144146442413,0.0795299112796783,0.0339737758040428,11,20.6205088467776,20.1,54.13324,49.70078,88.7085037231445,41.3631286621094,54.8641586303711,59.50859,48.09,-13.5700612778889,92.1929622016849,-10.1157138642956,21.1110690658496,39.16656494,11.8659668,8.88277149,112.17,108.34,12.62865,164.4785353559,1129625985.6912,2284143923.01702,281,9636510839.30707,61.7,NA
Samoa,NA,NA,NA,NA,NA,NA,NA,0.912800967693329,1.13318884372711,0.647211670875549,0.782676994800568,0.622275352478027,-0.141316264867783,9,28.4323650940567,0,50.9479,48.00592,101.062477111816,NA,NA,NA,NA,-15.0036120222365,81.00031946192,2.68908512009166,31.9656782036393,8.76984024,12.66482162,12.32134342,81.42,79.43,0.83014,78.2327586143,42250904.8059903,332778010.638447,58,878448439.453724,NA,NA
San Marino,NA,NA,NA,NA,NA,NA,NA,1.53662586212158,1.39100873470306,1.17916560173035,1.12343680858612,1.60316014289856,0.440543502569199,1,NA,0,44.14239,50.53004,92.7835083007812,56.9326095581055,91.8367309570312,6.93061,NA,23.7070389010477,55.6837743975383,NA,166.597497668983,NA,10.83579254,30.63489532,NA,NA,0,NA,1935279475.41884,1767055587.78855,NA,1655354303.82885,NA,NA
Sao Tome and Principe,2.65,3.01,2.78,2.33,2.65,2.71,2.42,-0.713534414768219,0.515797019004822,0.153065830469131,0.140056133270264,-0.783992767333984,-0.909116744995117,0,29.2119922018986,0,NA,NA,NA,NA,NA,NA,NA,NA,NA,-18.2244974658076,NA,33.94940186,16.64463043,10.76263237,106.53,106.54,NA,141.7147152785,16027934.2965568,132861560.159811,149,412253809.728799,52.8,NA
Saudi Arabia,2.86,3.3,3.17,3.11,3.01,2.66,2.99,0.117317117750645,-0.660840630531311,0.32981076836586,-1.69134342670441,0.273761808872223,-0.0908822640776634,1,14.4632854580242,63.2,47.91336,49.49163,NA,NA,52.4733695983887,13.81495,17.41,12.4414370304748,61.4355054270047,8.50144572727181,37.1985133299637,0,15.89835358,11.04889965,139.54,126.72,1.13631,144.6195420168,294387200000,125637717333.333,17,846583785179.856,25.5,99.4
Senegal,2.11,2.52,2.11,2.22,2.25,2.17,2.36,-0.223899483680725,-0.107445858418941,-0.0468400530517101,0.221032723784447,-0.329337120056152,-0.147642567753792,6,21.0437172546777,2.7,51.95345,52.52478,NA,NA,NA,36.31817,36.33,-15.8916565226568,83.2437155814328,-9.58292426299193,22.9490914783308,20.39443207,48.3353653,4.96152687,166.09,152.97,3.50515,138.7326986959,3866092163.397,7262295292.38976,277,23116701539.5646,59.2,74.2
Serbia,2.7,3.33,2.79,2.6,2.84,2.6,2.97,-0.170304462313652,0.00522133428603411,-0.396321564912796,-0.0149717060849071,0.0746255144476891,0.0996957719326019,6,NA,100,50.34035,48.44485,97.0723266601562,95.4091262817383,86.2891082763672,14.2927,40.29,-8.62574311558905,85.9707547441694,-4.85596390301231,50.4345612977047,0.68446821,38.31092453,12.44849491,107.24,107.77,0.54218,143.7356116859,17829784590.1915,23812911198.0106,11,50640662859.4987,16.2,NA
Seychelles,NA,NA,NA,NA,NA,NA,NA,0.281118184328079,0.673826813697815,0.860554039478302,0.192555248737335,0.633342146873474,0.019313707947731,2,20.3544780116514,0,51.02428,50.14042,105.049087524414,80.7223815917969,88.8888931274414,14.48826,64.3,-13.0555567238486,57.6460196926463,-2.63108670660881,97.8178448525991,0.38001379,24.18397331,10.17943954,103.1,103.16,NA,137.2403803501,572651572.85861,1188055467.6518,4,1587813245.28225,NA,NA
Sierra Leone,2,2.34,2.27,1.82,2.08,1.82,2.18,-0.796907842159271,-0.088885597884655,-0.511336386203766,-0.182075321674347,-1.19094169139862,-0.918371915817261,5,32.2868033846246,0,48.89337,50.85221,82.0191421508789,NA,29.6435508728027,27.52246,50.45,-21.7612333258358,106.932862377515,-17.0804954704907,17.4673004044489,28.87133408,60.98888779,3.59921885,88.77,88.63,1.4941,108.2583645839,658789368.300297,1209796836.61156,460,4085114542.06831,60.7,NA
Singapore,4.1,4.32,4.08,4.06,4,3.89,3.58,1.80267703533173,1.46800899505615,2.13455390930176,-0.0767669156193733,2.23167037963867,2.12173795700073,8,3.62218440864235,60.9,NA,NA,100.025909423828,105.323432922363,80.4958877563477,NA,57.76,29.5035147915538,44.4667852493246,15.7165300054649,177.350436934209,0,29.07070541,14.53986549,106.15,112.51,NA,117.4545156891,460886044198.416,356448730701.033,7,376869585632.115,8.5,99.6
Sint Maarten (Dutch part),NA,NA,NA,NA,NA,NA,NA,NA,NA,NA,NA,NA,NA,NA,NA,NA,NA,NA,NA,NA,NA,NA,NA,-36.7577756833176,96.6069745523091,6.29895344816211,67.4835061262959,NA,NA,NA,NA,NA,NA,NA,148350977.843575,919495717.122905,NA,1185474860.3352,NA,NA
Slovak Republic,3.14,3.14,2.99,3,3.03,2.79,3.1,0.47263640165329,0.736512184143066,0.230566427111626,0.847073376178741,0.581503808498383,0.798312306404114,7,5.55426929974844,80.7,NA,NA,92.8151473999023,92.4617462158203,90.3377990722656,NA,48.64,1.8676725827592,74.7802253967087,-2.16037452012609,95.8358511444373,NA,18.90781784,13.32605553,96.79,97.9,NA,124.3250981287,88704254574.099,88955987448.3287,5,106137924015.591,12.3,98
Slovenia,3.05,3.7,3.27,3.26,3.31,3.42,3.19,1.02418792247772,0.894077658653259,0.836427569389343,0.97007554769516,1.08230376243591,0.642297327518463,3,7.71495133858127,0,NA,NA,98.6363220214844,114.688491821289,NA,NA,50.69,8.44294936279804,70.2484635329533,5.88236901605852,84.7926764008035,NA,11.98157787,13.77989006,101.33,102.6,NA,138.4303502996,36376509125.4317,34865344808.7471,4,54177882425.8421,10.2,NA
Solomon Islands,2.73,3.12,2.37,2.21,2.57,2.77,2.2,-0.201933979988098,0.354402095079422,-0.0343346484005451,0.369325041770935,-0.900794625282288,-0.847762167453766,10,22.1945814666512,3.4,49.06784,48.28793,88.9737396240234,NA,44.3480415344238,25.41046,NA,-4.24654934884768,86.1252734080065,-2.95981141034523,42.1250947423813,17.78619957,3.70020819,7.68985891,103.96,101.26,5.26037,142.1355091638,535980418.210565,529444049.018945,127,1615478421.45974,NA,NA
Somalia,2.3,2.2,2.23,1.81,2.21,2,2.61,-2.29871559143066,-2.24898767471313,-1.78541624546051,-1.84629285335541,-2.21182322502136,-2.08894062042236,0,NA,0,NA,NA,NA,NA,NA,NA,NA,-68.3572404371925,153.551912568383,NA,19.1086065573971,NA,NA,NA,104.66,98.14,NA,109.0909090909,NA,NA,651,5856000006.22021,50.3,NA
South Africa,3.19,3.74,3.41,3.19,3.38,3.17,3.51,-0.221448287367821,-0.237621992826462,-0.136328086256981,0.637540757656097,0.103732906281948,-0.0407781675457954,5,7.07452786511397,67.3,NA,NA,99.2211227416992,113.355888366699,NA,NA,38.22,0.497568839522171,83.3139803090939,-3.00869958461686,27.5626402113948,1.13865542,5.82835293,15.28983974,111.91,104.32,NA,116.009504764,94289618799.4034,92419622905.5952,125,404158882459.024,66.4,NA
South Sudan,NA,NA,NA,NA,NA,NA,NA,-1.98611116409302,-2.43455958366394,-1.74286258220673,-1.98860204219818,-2.3204345703125,-2.03582668304443,2,NA,0,NA,NA,NA,NA,NA,NA,NA,NA,NA,-9.0382483224269,NA,62.53280258,21.71473312,2.10620522,100.9,101.95,NA,NA,2946370000,2053100000,1275,NA,61.2,NA
Spain,3.8,4.06,3.83,3.84,3.83,3.62,3.83,0.978212118148804,0.275779157876968,0.612849295139313,1.02965259552002,0.969287812709808,0.93815416097641,5,10.7663175783528,15.7,NA,NA,96.2591018676758,120.827651977539,76.9732284545898,NA,43.5,2.71518508396747,76.8170524953504,1.8626648318715,35.1450626692993,NA,22.24430466,15.1582756,121.45,117.74,NA,122.8432341491,344006673513.251,378523505613.846,4,1421702715218.01,18.1,99.9
Sri Lanka,2.42,2.79,2.79,2.49,2.6,2.58,2.51,-0.000408620457164943,-0.139389723539352,-0.35246741771698,-0.00806798506528139,-0.256534099578857,-0.217681854963303,2,NA,46.5,51.37066,49.23393,NA,99.4162216186523,87.6985321044922,21.73735,31.18,-6.91689952295102,68.8601247506113,-2.9621530216927,21.4462486145463,1.49495602,46.81987,9.48533821,99.37,105,NA,112.735030542,11889634107.4538,22232726808.6915,30,94493871351.4217,30.7,NA
St. Kitts and Nevis,NA,NA,NA,NA,NA,NA,NA,0.519412875175476,0.677222847938538,0.410901546478271,0.863463044166565,0.498739510774612,0.498641639947891,5,NA,0,NA,NA,NA,NA,NA,NA,NA,NA,NA,-7.18628717781831,NA,0,49.38157272,6.28038406,106.26,97.24,NA,97.8808664555,26504735.6777778,354965145.011054,NA,1076922222.22222,NA,100
St. Lucia,NA,NA,NA,NA,NA,NA,NA,0.631884336471558,0.993263125419617,0.560043096542358,0.851036548614502,0.330404460430145,0.337109506130219,5,25.3671373347093,0,50.14157,49.61572,89.882942199707,90.6829376220703,86.9080810546875,14.73909,51.16,NA,NA,1.39371185797369,NA,0.46817547,49.13457489,8.52896118,104.21,103.29,2.20924,34.498172596,70370875.8074074,579723508.711111,61,2057074074.07407,NA,100
St. Martin (French part),NA,NA,NA,NA,NA,NA,NA,NA,NA,NA,NA,NA,NA,NA,NA,NA,NA,NA,NA,NA,NA,NA,NA,NA,NA,NA,NA,NA,NA,NA,NA,NA,NA,NA,NA,NA,NA,NA,NA,NA
St. Vincent and the Grenadines,NA,NA,NA,NA,NA,NA,NA,0.444380104541779,0.822919726371765,0.743708729743958,0.855020403862,0.330404460430145,0.304560840129852,5,26.2867992398116,0,48.91925,49.34839,124.142478942871,NA,83.9694671630859,14.39258,NA,NA,NA,-10.2858722502117,NA,0.3945052,28.94148254,10.19225788,102.54,101.87,1.27437,95.4076728186,46258274.262963,311755232.625926,60,884328180.526933,NA,NA
Sudan,2.51,2.62,2.51,2.18,2.43,2.14,2.58,-1.13887703418732,-1.82177793979645,-1.45669090747833,-1.84886014461517,-1.62895309925079,-1.6440646648407,5,NA,3.1,NA,NA,64.2929382324219,48.748851776123,NA,NA,NA,-6.56751475810442,96.7289178655397,-14.4693934170139,7.65020198466392,6.40590143,66.95339966,6.17103291,131.5,117.6,NA,109.7608370391,3484681534.2682,7065072571.331,293,32333780383.2924,47.4,NA
Suriname,NA,NA,NA,NA,NA,NA,NA,-0.0880336835980415,0.0581610128283501,-0.24039500951767,0.296661525964737,-0.686438202857971,-0.668974459171295,2,14.0527913926207,0,NA,48.1371,82.5350036621094,NA,95.132568359375,13.39335,NA,NA,NA,-2.97065434521441,NA,1.31465459,18.42653656,17.44913864,95.88,97.94,13.57196,131.9343339398,2065103326.61782,1402852987.32789,98,3996198760.32389,44.9,98.4
Sweden,3.98,4.28,3.88,4.24,4.05,4.05,3.92,1.78393721580505,0.921225249767303,2.10926389694214,1.58029925823212,1.67112922668457,1.82550489902496,7,10.3896407998445,100,NA,NA,99.533447265625,147.598724365234,81.8741073608398,NA,66.23,2.23492462988054,71.7566782221342,2.46545914026436,45.6830615126713,NA,13.95882416,18.6120472,64.14,84.16,NA,118.5289154834,180750217560.149,169594370594.464,5,555455371487.089,29.9,NA
Switzerland,3.97,4.24,4.1,4.02,3.9,3.63,3.51,1.88787722587585,1.31924939155579,1.96951818466187,1.59192168712616,1.99700856208801,1.7912358045578,6,4.5395306678285,25.4,NA,NA,95.4034194946289,102.257682800293,83.2639617919922,NA,59.7,10.5278678805919,63.7376788873769,5.04996129219345,67.4781861031999,0,27.98195267,10.92744064,107.56,101.65,NA,NA,345951379878.852,273434857377.675,7,725562534363.895,27.4,NA
Syrian Arab Republic,2.29,2.44,2.37,2.51,2.3,1.82,2.37,-2.05405068397522,-2.73627853393555,-1.64808285236359,-1.96835124492645,-1.70233058929443,-1.75966858863831,1,NA,0,NA,NA,NA,NA,NA,NA,NA,-20.8250436892641,111.794718335108,NA,14.9170277126093,NA,NA,NA,107.35,98.55,NA,71.2087168427,NA,NA,31,21496337967.8677,36.2,NA
Tajikistan,2.33,2.95,2.33,2.17,2.34,1.92,2.31,-1.30321049690247,-0.74773895740509,-1.42829370498657,-1.69865822792053,-1.16391563415527,-1.10057985782623,1,19.5463551344649,44.9,NA,NA,NA,NA,NA,NA,NA,-27.0951544627578,87.6359429883815,-4.88966445327183,14.3754784742862,4.33836746,68.41996002,6.14373875,119.26,131.7,NA,120.5142600049,874037946,2763576664.14957,17,7765000282.29397,48.1,NA
Tanzania,NA,NA,NA,NA,NA,NA,NA,-0.572451293468475,-0.580516219139099,-0.47571074962616,-0.380436807870865,-0.779425084590912,-0.640993356704712,5,7.24022427153078,6,50.96924,50.09162,70.6413269042969,29.4335899353027,50.3632888793945,50.63304,NA,-3.16432311803146,67.9907616501091,-3.96874288323349,14.7391433931711,40.82847214,20.83638191,9.41473198,103.51,107.75,1.70771,83.6125338834,4292715311.50001,8483088863.40684,267,57003686049.4102,61.7,NA
Thailand,3.41,3.81,3.47,3.14,3.41,3.14,3.46,-0.00407756073400378,-0.799434542655945,-0.458018720149994,-1.01793563365936,0.254473984241486,-0.0440966561436653,7,5.99558842485145,60.2,49.24744,48.52339,98.1389007568359,118.177230834961,NA,16.63844,59.21,8.83432906768032,65.0624799101808,5.61986310131392,64.838096899332,0.14835918,10.11109638,14.42072296,106.34,104.16,0.81376,118.0334347122,251108126950.718,228720468284.818,29,506754212432.991,43,NA
Timor-Leste,NA,NA,NA,NA,NA,NA,NA,-1.13863778114319,0.233176738023758,-0.505638003349304,0.321847468614578,-0.936158120632172,-0.792416214942932,0,NA,0,52.26092,48.2605,105.137954711914,88.2067489624023,41.3080291748047,26.94886,NA,-58.6583283878595,122.923682701298,-12.2225630678472,2.91672440204953,28.10083389,10.1566391,4.62115145,95.38,92.38,11.17579,NA,24603795.868421,613171713.09193,249,1563887900,31.1,NA
Togo,2.25,2.88,2.45,2.23,2.45,2.31,2.52,-0.619138240814209,-0.886004209518433,-0.749031722545624,-0.758381545543671,-1.09365093708038,-0.70613569021225,6,17.4032541054026,0.4,42.72158,48.95802,87.9843521118164,NA,16.5595397949219,40.14504,NA,-8.66716866833715,89.5181504043998,-2.62976035461545,24.644391572992,9.6432972,65.57926941,5.4890213,109.04,106.41,7.43678,106.9106900491,1081014485.95341,1863487912.20109,435,7029217931.75029,64,NA
Tonga,NA,NA,NA,NA,NA,NA,NA,0.426162242889404,0.833516359329224,-0.0709535777568817,0.654241681098938,0.191767975687981,-0.362755715847015,10,NA,23.3,NA,NA,NA,NA,75.6722183227539,NA,41.5,-44.7707159346458,116.532470099463,-6.31306812424978,21.4120288357904,23.54791641,5.64390707,8.06625938,96.04,96.91,NA,73.204903692,14317715.7554275,216864500.800825,84,488906860.874058,NA,NA
Trinidad and Tobago,2.27,2.53,2.27,2.38,2.42,2.42,2.59,-0.169320344924927,0.230616614222527,-0.37933874130249,0.546445190906525,0.206865146756172,-0.131842151284218,7,12.6009337081363,79.2,NA,NA,NA,NA,NA,NA,NA,NA,NA,6.68456334036914,NA,0.01206123,44.8896904,10.66987896,106.93,109.48,NA,97.9921845925,10755630448.1002,6617224457.98824,28,24322359037.409,52.3,NA
Tunisia,2.3,3.24,2.86,2.1,2.57,2.38,2.5,0.0534470789134502,-0.868218719959259,-0.113984152674675,0.191849708557129,-0.00628353748470545,-0.494956314563751,3,10.4735011534641,0,53.07614,48.02835,NA,NA,63.9748382568359,16.87168,NA,-12.9003279181842,89.9367617968677,-10.8157241415934,45.4857481712255,0.4897238,41.9162674,10.87760544,119.02,113.37,NA,110.3832746696,15563609802.7857,21608115255.7741,39,42686509835.5287,46.3,99.5
Turkiye,3.05,3.63,3.23,3.21,3.15,2.71,3.06,-0.390645027160645,-1.31516599655151,-0.351102501153946,-0.846058666706085,-0.0683634132146835,0.01624720916152,7,6.0896624227992,0,NA,NA,91.2951965332031,111.409126281738,61.9484710693359,NA,29.43,-0.248613315929843,70.8715640302624,-2.5885167321425,31.1528780813097,NA,17.49141884,9.233778,107.21,109.14,NA,117.344201807,178909000000,219635000000,17,778476714087.962,22.1,99.2
Turkmenistan,2.31,2.72,2.56,2.23,2.41,2.35,2.29,-1.46416521072388,-0.0129793277010322,-1.38221168518066,-2.15286207199097,-1.08982193470001,-2.00086236000061,NA,NA,NA,NA,NA,NA,NA,NA,NA,NA,8.89969792331037,NA,NA,29.8999852816462,0.43876922,76.8390274,8.71407223,93.59,99.38,NA,97.6015000074,NA,NA,5,40765428571.4286,31.9,NA
Turks and Caicos Islands,NA,NA,NA,NA,NA,NA,NA,NA,NA,NA,NA,NA,NA,NA,NA,NA,49.65458,48.77717,130.434783935547,87.0552597045898,89.9038467407227,17.69231,NA,NA,NA,15.5149723619365,NA,NA,NA,NA,NA,NA,1.89415,77.4326878889,5800000,469812400,NA,1113178000,NA,NA
Tuvalu,NA,NA,NA,NA,NA,NA,NA,0.614950120449066,1.39100873470306,0.0511946864426136,1.12343680858612,-0.553974688053131,-0.470841705799103,NA,NA,NA,52.61682,46.52568,85.7142868041992,89.4154815673828,80,15.57647,NA,NA,NA,66.2065048685345,NA,15.00132942,0.36702064,11.90345478,101.06,102,0.16234,NA,213584.993796662,19739874.2648487,NA,48015219.9526234,NA,NA
Uganda,2.5,2.9,2.41,2.19,2.58,2.61,2.76,-0.321435153484344,-0.701724708080292,-1.05088365077972,-0.680717766284943,-0.692178010940552,-0.286415815353394,5,11.7987806111255,6.6,NA,NA,NA,NA,NA,NA,NA,-6.46429947806732,80.9386521752083,-6.32956841813705,15.0870530613121,43.51276779,35.62893295,4.16811514,103.86,103.25,NA,136.186648408,3636182324.3842,6089658328.29973,283,32927025621.3848,62,NA
Ukraine,2.84,3.42,3.11,2.22,2.83,2.49,2.83,-0.759869158267975,-1.87208938598633,-0.921201884746552,-0.0304441340267658,-0.459502160549164,-0.256266981363297,8,8.57439699746601,45.9,49.47458,48.89225,85.0923919677734,85.927978515625,96.6414489746094,12.98011,52.53,-8.72934374668216,90.1410048922816,-4.91400916798631,45.2352356625927,1.01404274,50.65900421,8.36757374,111.06,107.28,0.05587,124.1534870029,43341000000,56055000000,11,130891086689.522,47.5,NA
United Arab Emirates,3.92,4.38,3.96,4.02,3.96,3.63,3.85,0.77433305978775,0.689086735248566,1.11653625965118,-1.12270367145538,1.42625665664673,0.919854760169983,6,7.30579317402429,53.6,NA,NA,NA,NA,NA,NA,49.61,26.068980601559,49.5536327717899,NA,91.994776867123,0,12.69611263,7.39788437,99.16,111.43,NA,129.1163379034,NA,NA,9,427049432157.931,25.5,99.2
United Kingdom,4.05,4.33,4.11,4.03,3.99,3.77,3.67,1.60294651985168,0.07756457477808,1.8065721988678,1.38167774677277,1.36168932914734,1.76942324638367,7,9.66088187367103,100,NA,NA,97.2606964111328,122.094909667969,86.2421035766602,NA,55.74,-1.52998271075039,83.4282310733704,-4.06481853736583,31.2349066704984,0.01280172,16.35249138,19.1355648,91.35,99.6,NA,104.419820581,467666167328.864,658869445086.414,9,2878152147315.82,30.4,NA
United States,3.87,4.08,4.09,4.05,3.89,3.78,3.51,1.47568666934967,0.386042565107346,1.29267823696136,0.99573165178299,1.53704130649567,1.61313998699188,11,5.95676257518906,100,NA,NA,95.4763412475586,98.7960586547852,87.0728225708008,NA,54.89,-2.88840084059665,81.6824876351857,-2.14216028970484,12.3609892157496,0,11.31574821,22.51026154,100.21,103.2,NA,110.7422524955,1676914000000,2555662000000,19,20533057312000,22.3,99.1
Uruguay,2.71,2.91,2.78,2.43,2.69,2.51,2.73,0.570794284343719,1.02394342422485,1.20734238624573,1.19086337089539,0.505017399787903,0.623031616210938,4,14.583805102745,100,NA,NA,102.388061523438,124.153419494629,NA,NA,50.32,5.08443541332136,79.9680323495737,-0.456808262061724,26.500573202942,0,16.24662781,20.30165672,65.18,88.76,NA,97.5289645539,11778040259.2251,9393513319.8151,18,65203071110.6037,40.2,100
Uzbekistan,2.59,3.09,2.71,2.57,2.58,2.1,2.42,-1.09812998771667,-0.304469525814056,-1.08239960670471,-1.62728905677795,-0.617031216621399,-1.13866889476776,6,9.43829651977165,42.7,48.32239,48.30576,100.126258850098,94.6925048828125,91.6887359619141,21.50664,NA,-17.5234540548035,75.3626202015228,-6.79622956094704,26.8410539292225,0.81049961,60.34236145,7.77212191,89.37,105.11,0.00133,115.6457109667,11385590058.244,18252445318.979,31,52870108217.5626,33.2,100
Vanuatu,NA,NA,NA,NA,NA,NA,NA,0.391720503568649,0.802380979061127,-0.184301629662514,0.516633987426758,-0.461503237485886,-0.434423208236694,11,NA,12.2,NA,NA,NA,NA,NA,NA,NA,-15.1470646608185,75.8732584448061,8.69982550945761,41.596872147025,23.76065636,8.56911182,6.43678188,109.89,103.99,NA,158.1177438983,63025478.7449883,302703329.232328,97,914736985.430944,NA,NA
"Venezuela, RB",2.21,2.58,2.29,2.1,2.23,1.79,2.38,-2.26574206352234,-1.35144245624542,-1.51203751564026,-1.43899095058441,-1.6713570356369,-2.38673639297485,1,NA,36.6,NA,NA,NA,NA,NA,NA,NA,NA,NA,NA,NA,0.04445182,36.90224838,3.37573743,83.09,82.03,NA,92.3101664054,NA,NA,179,NA,28.4,98.7
Viet Nam,3.4,3.67,3.45,3.01,3.27,2.95,3.16,-0.0353447571396828,0.0327426008880138,-0.511549293994904,-1.47134065628052,-0.0117323715239763,-0.372491270303726,8,7.92785051617717,29.5,50.26082,47.84365,110.693084716797,88.3642654418945,78.1177520751953,20.27696,69.72,4.18297536239617,66.8227804884034,1.90236371067045,84.4234575852164,1.01668346,44.58095169,10.21770763,104.66,105.31,0.48907,150.371283196,243697000000,227157371000,130,310106472642.968,32.4,NA
Virgin Islands (U.S.),NA,NA,NA,NA,NA,NA,NA,1.05680096149445,0.955986976623535,0.57742166519165,NA,0.774844706058502,0.813936293125153,NA,NA,NA,NA,NA,NA,NA,NA,NA,NA,-53.0086690464049,110.963793982662,NA,53.1361550229475,NA,NA,NA,NA,NA,NA,NA,NA,NA,NA,3922000000,NA,NA
West Bank and Gaza,NA,NA,NA,NA,NA,NA,NA,-0.5036341547966,-1.80479407310486,-0.226567178964615,-0.915981352329254,-0.791828453540802,0.000736608810257167,8,29.1758224974415,0,51.65265,48.9633,94.8709335327148,91.0182495117188,74.7445373535156,24.45322,10.07,-39.478146541661,110.880036371232,-13.1500305467431,15.961564454493,NA,NA,NA,92.16,103.58,0.04058,125.2882130947,1845889106.10723,7239605941.25673,21,16276600000,NA,NA
"Yemen, Rep.",2.26,2.43,2.16,2.12,2.27,2.4,2.21,-1.80685091018677,-2.9960310459137,-1.65836584568024,-1.7597644329071,-2.27373719215393,-1.63697516918182,0,40.1803513582152,0,NA,NA,NA,NA,NA,NA,NA,-37.1903542194386,NA,NA,6.05657010178069,NA,NA,NA,88.36,90.93,NA,111.795833372,NA,NA,176,21606161066.2074,34.2,NA
Zambia,2.48,3.05,1.98,2.3,2.53,2.18,3.05,-0.358200490474701,0.0825254991650581,-0.678601682186127,-0.336164176464081,-0.653432190418243,-0.527298510074615,11,5.27630055329798,10.9,NA,NA,NA,NA,55.1868019104004,NA,49.65,1.02643956861224,57.6767459308607,-1.30116681701257,37.9574045480394,44.16156006,10.29141426,7.16456938,117.93,117.76,NA,136.7484870789,9029401556.21251,8515497780.6516,145,26311506435.0598,61.1,80.4
Zimbabwe,2.16,2.39,2.26,1.83,2.12,2,2.06,-1.2924633026123,-0.721038401126862,-1.24600064754486,-1.13679790496826,-1.29790580272675,-1.52565240859985,5,11.8875690469618,33.6,NA,NA,90.0719985961914,NA,59.5515213012695,NA,NA,-2.222324130956,88.0740177440992,-4.03918326353945,26.1639731327864,29.77490234,8.7963047,7.85656309,135.87,108.86,NA,124.9095061749,4677644666.6607,6616035197.46607,359,34156069918.0609,60.1,NA